Episode,Train_Reward,Val_Reward,Epsilon,Learning_Rate
0,-54.09836219996214,-93.40087177028015,0.01,0.0001
1,-66.32996859401464,,0.01,0.0001
2,-40.350877702236176,,0.01,0.0001
3,-27.215188816189766,,0.01,0.0001
4,-59.32203621417284,,0.01,0.0001
5,1.2658248767256737,,0.01,0.0001
6,-42.622950345277786,,0.01,0.0001
7,17.11711458861828,,0.01,0.0001
8,-37.95620721578598,,0.01,0.0001
9,-114.15194807946682,,0.01,0.0001
10,-46.04316724836826,,0.01,0.0001
11,-64.2857151478529,,0.01,0.0001
12,-75.3521136790514,,0.01,0.0001
13,-21.146956376731396,,0.01,0.0001
14,-101.59597031772137,,0.01,0.0001
15,-30.92105534672737,,0.01,0.0001
16,-44.444446600973606,,0.01,0.0001
17,-53.06859454512596,,0.01,0.0001
18,-51.12782034277916,,0.01,0.0001
19,-71.32616696506739,,0.01,0.0001
20,-70.77922177314758,,0.01,0.0001
21,-81.61626468598843,,0.01,0.0001
22,-53.57142934203148,,0.01,0.0001
23,-42.76094549894333,,0.01,0.0001
24,-71.42857336997986,,0.01,0.0001
25,-72.22222399711609,,0.01,0.0001
26,-53.33333467692137,,0.01,0.0001
27,-21.501709297299385,,0.01,0.0001
28,-32.86219152063131,,0.01,0.0001
29,44.87632541358471,,0.01,0.0001
30,-23.588043048977852,,0.01,0.0001
31,-66.03773713111877,,0.01,0.0001
32,-47.69231027364731,,0.01,0.0001
33,-41.17647308111191,,0.01,0.0001
34,-24.99999926239252,,0.01,0.0001
35,7.744103893637657,,0.01,0.0001
36,45.98539628833532,,0.01,0.0001
37,-62.19931487739086,,0.01,0.0001
38,-52.72727474570274,,0.01,0.0001
39,-43.143814980983734,,0.01,0.0001
40,-24.914678506553173,,0.01,0.0001
41,-1.3157927691936493,,0.01,0.0001
42,76.67844621092081,,0.01,0.0001
43,10.320281013846397,,0.01,0.0001
44,-39.4904458373785,,0.01,0.0001
45,11.888108812272549,,0.01,0.0001
46,-25.6505581215024,,0.01,0.0001
47,16.27907008677721,,0.01,0.0001
48,-44.444447219371796,,0.01,0.0001
49,-30.000001221895218,,0.01,0.0001
50,-28.082194454967976,,0.01,0.0001
51,-45.45454753935337,,0.01,0.0001
52,-36.10223754495382,,0.01,0.0001
53,-11.347519516944885,,0.01,0.0001
54,53.094465263187885,,0.01,0.0001
55,4.838709808886051,,0.01,0.0001
56,-8.771929763257504,,0.01,0.0001
57,-51.12782034277916,,0.01,0.0001
58,45.098041385412216,,0.01,0.0001
59,-26.666667871177197,,0.01,0.0001
60,-61.93771843612194,,0.01,0.0001
61,26.436781108379364,,0.01,0.0001
62,-7.894739933311939,,0.01,0.0001
63,-30.069932587444782,,0.01,0.0001
64,-57.92880401015282,,0.01,0.0001
65,-71.53025088459253,,0.01,0.0001
66,-71.87500071525574,,0.01,0.0001
67,-59.18367428332567,,0.01,0.0001
68,-48.640484511852264,,0.01,0.0001
69,1.4492722302675247,,0.01,0.0001
70,6.382976897060871,,0.01,0.0001
71,-12.751680873334408,,0.01,0.0001
72,75.71884986758232,,0.01,0.0001
73,-28.32764771580696,,0.01,0.0001
74,-77.94117789715528,,0.01,0.0001
75,-50.38168200850487,,0.01,0.0001
76,20.481926329433918,,0.01,0.0001
77,-20.754717856645584,,0.01,0.0001
78,-62.14511055499315,,0.01,0.0001
79,-44.099381767213345,,0.01,0.0001
80,78.43866273015738,,0.01,0.0001
81,13.924053184688091,,0.01,0.0001
82,40.000001803040504,,0.01,0.0001
83,-36.170214496552944,,0.01,0.0001
84,-63.963965840637684,,0.01,0.0001
85,-48.3870964422822,,0.01,0.0001
86,-72.76264686882496,,0.01,0.0001
87,-68.64111709594727,,0.01,0.0001
88,-25.000001832842827,,0.01,0.0001
89,-78.97898073494434,,0.01,0.0001
90,-9.698999427258968,,0.01,0.0001
91,-38.98305352777243,,0.01,0.0001
92,-12.772588558495045,,0.01,0.0001
93,-63.33333482593298,,0.01,0.0001
94,-10.344828151166439,,0.01,0.0001
95,-17.525776602327824,,0.01,0.0001
96,15.384612262248993,,0.01,0.0001
97,-75.69444628059864,,0.01,0.0001
98,-26.910302095115185,,0.01,0.0001
99,-19.29824583977461,,0.01,0.0001
100,-83.16498509049416,-30.256821739757015,0.01,0.0001
101,-16.417912408709526,,0.01,0.0001
102,-15.624998971819878,,0.01,0.0001
103,-34.21052897721529,,0.01,0.0001
104,-33.9934011772275,,0.01,0.0001
105,-51.41700644046068,,0.01,0.0001
106,-16.34980919957161,,0.01,0.0001
107,-8.22784635424614,,0.01,0.0001
108,-7.643311232328415,,0.01,0.0001
109,-75.86207027733326,,0.01,0.0001
110,56.48854374885559,,0.01,0.0001
111,-26.829271107912064,,0.01,0.0001
112,9.999998889863491,,0.01,0.0001
113,-2.027025528252125,,0.01,0.0001
114,-4.109592363238335,,0.01,0.0001
115,-83.97436013817787,,0.01,0.0001
116,20.754716381430626,,0.01,0.0001
117,-105.7820506170392,,0.01,0.0001
118,11.969113521277905,,0.01,0.0001
119,28.113874904811382,,0.01,0.0001
120,68.53932185471058,,0.01,0.0001
121,-7.936511725187302,,0.01,0.0001
122,-13.357404068112373,,0.01,0.0001
123,0.3460175320506096,,0.01,0.0001
124,-31.40794514119625,,0.01,0.0001
125,-34.78261121362448,,0.01,0.0001
126,-23.56687853485346,,0.01,0.0001
127,6.312288746237755,,0.01,0.0001
128,-27.215188913047314,,0.01,0.0001
129,2.389075167477131,,0.01,0.0001
130,-6.250002644956112,,0.01,0.0001
131,-5.923348113894463,,0.01,0.0001
132,70.73170276731253,,0.01,0.0001
133,10.687018424272537,,0.01,0.0001
134,26.436781108379364,,0.01,0.0001
135,112.8378429710865,,0.01,0.0001
136,-89.76109348237514,,0.01,0.0001
137,213.29114903509617,,0.01,0.0001
138,94.55253211408854,,0.01,0.0001
139,-23.976611636579037,,0.01,0.0001
140,112.3287602737546,,0.01,0.0001
141,165.45454144477844,,0.01,0.0001
142,124.89959719032049,,0.01,0.0001
143,126.76580088585615,,0.01,0.0001
144,-0.34364649653434753,,0.01,0.0001
145,263.6363547369838,,0.01,0.0001
146,313.5020896792412,,0.01,0.0001
147,-13.669066742062569,,0.01,0.0001
148,-79.72973065823317,,0.01,0.0001
149,-18.8311687707901,,0.01,0.0001
150,30.597016230225563,,0.01,0.0001
151,2.236421190202236,,0.01,0.0001
152,202.08332855254412,,0.01,0.0001
153,96.6666661053896,,0.01,0.0001
154,95.91836806386709,,0.01,0.0001
155,-0.3436461165547371,,0.01,0.0001
156,-7.692309595644474,,0.01,0.0001
157,-35.483873687684536,,0.01,0.0001
158,25.899278536438942,,0.01,0.0001
159,-57.70392870157957,,0.01,0.0001
160,-33.9934011772275,,0.01,0.0001
161,11.510789379477501,,0.01,0.0001
162,41.342756651341915,,0.01,0.0001
163,52.98507642745972,,0.01,0.0001
164,15.015973940491676,,0.01,0.0001
165,67.91044989228249,,0.01,0.0001
166,45.98539628833532,,0.01,0.0001
167,12.318837389349937,,0.01,0.0001
168,107.40740778297186,,0.01,0.0001
169,-52.38095244765282,,0.01,0.0001
170,-14.473687291145325,,0.01,0.0001
171,173.68421388417482,,0.01,0.0001
172,168.96551872044802,,0.01,0.0001
173,97.916662953794,,0.01,0.0001
174,338.59649746865034,,0.01,0.0001
175,21.62162398546934,,0.01,0.0001
176,90.47619477659464,,0.01,0.0001
177,189.19859963655472,,0.01,0.0001
178,90.47618564218283,,0.01,0.0001
179,64.9122820943594,,0.01,0.0001
180,53.35463257879019,,0.01,0.0001
181,278.57143354415894,,0.01,0.0001
182,24.161070197820663,,0.01,0.0001
183,-24.836604669690132,,0.01,0.0001
184,4.868910863995552,,0.01,0.0001
185,-123.90339250862598,,0.01,0.0001
186,84.30033618956804,,0.01,0.0001
187,42.322093196213245,,0.01,0.0001
188,233.33333498984575,,0.01,0.0001
189,122.58065184950829,,0.01,0.0001
190,2.564104251563549,,0.01,0.0001
191,196.29629741609097,,0.01,0.0001
192,-2.9126225635409355,,0.01,0.0001
193,12.781955130398273,,0.01,0.0001
194,293.9393986687064,,0.01,0.0001
195,367.32024670392275,,0.01,0.0001
196,-1.6393458545207977,,0.01,0.0001
197,265.51724395900965,,0.01,0.0001
198,138.67069540917873,,0.01,0.0001
199,239.55224397033453,,0.01,0.0001
200,266.1016866713762,22.463317153813016,0.01,0.0001
201,108.19112065434456,,0.01,0.0001
202,399.9999900534749,,0.01,0.0001
203,84.66898486018181,,0.01,0.0001
204,164.70588443428278,,0.01,0.0001
205,188.00000538676977,,0.01,0.0001
206,222.14764412492514,,0.01,0.0001
207,146.29940811544657,,0.01,0.0001
208,202.54777716100216,,0.01,0.0001
209,54.08805080503225,,0.01,0.0001
210,24.27915444225073,,0.01,0.0001
211,176.96792529523373,,0.01,0.0001
212,377.66321621090174,,0.01,0.0001
213,121.18181421607733,,0.01,0.0001
214,44.06153705716133,,0.01,0.0001
215,69.67508541047573,,0.01,0.0001
216,143.7630960419774,,0.01,0.0001
217,425.000013820827,,0.01,0.0001
218,190.84966375678778,,0.01,0.0001
219,280.28169756382704,,0.01,0.0001
220,369.7986482158303,,0.01,0.0001
221,516.4874427840114,,0.01,0.0001
222,-1.9586732760071754,,0.01,0.0001
223,181.4814823642373,,0.01,0.0001
224,653.6764743849635,,0.01,0.0001
225,382.51747450977564,,0.01,0.0001
226,-60.992909476161,,0.01,0.0001
227,430.90908447653055,,0.01,0.0001
228,-6.832302205264568,,0.01,0.0001
229,188.07946006953716,,0.01,0.0001
230,361.53847194463015,,0.01,0.0001
231,518.0124020054936,,0.01,0.0001
232,384.25195367634296,,0.01,0.0001
233,280.9523864835501,,0.01,0.0001
234,252.94116516411304,,0.01,0.0001
235,504.0816385895014,,0.01,0.0001
236,94.444440767169,,0.01,0.0001
237,147.1042526587844,,0.01,0.0001
238,444.2176957949996,,0.01,0.0001
239,234.4827607497573,,0.01,0.0001
240,434.4827631264925,,0.01,0.0001
241,223.23231514543295,,0.01,0.0001
242,222.36841420084238,,0.01,0.0001
243,277.8501721546054,,0.01,0.0001
244,388.52458903193474,,0.01,0.0001
245,363.8783385530114,,0.01,0.0001
246,248.83721110969782,,0.01,0.0001
247,600.3609956130385,,0.01,0.0001
248,358.33332704752684,,0.01,0.0001
249,339.1025740131736,,0.01,0.0001
250,683.7837472036481,,0.01,0.0001
251,320.23347091674805,,0.01,0.0001
252,56.14617405831814,,0.01,0.0001
253,315.9292098581791,,0.01,0.0001
254,-23.357667475938797,,0.01,0.0001
255,308.4507123157382,,0.01,0.0001
256,175.54179613292217,,0.01,0.0001
257,517.2413845658302,,0.01,0.0001
258,206.39729864895344,,0.01,0.0001
259,228.31324210762978,,0.01,0.0001
260,293.5017959177494,,0.01,0.0001
261,417.7304935082793,,0.01,0.0001
262,643.421038903296,,0.01,0.0001
263,543.5986043214798,,0.01,0.0001
264,252.05991638451815,,0.01,0.0001
265,318.60463870316744,,0.01,0.0001
266,324.43730892241,,0.01,0.0001
267,729.7872305884957,,0.01,0.0001
268,118.74999617040157,,0.01,0.0001
269,501.39859161525965,,0.01,0.0001
270,475.65788355469704,,0.01,0.0001
271,318.60463870316744,,0.01,0.0001
272,413.5135267674923,,0.01,0.0001
273,246.2783169299364,,0.01,0.0001
274,308.8050356283784,,0.01,0.0001
275,37.02623592317104,,0.01,0.0001
276,49.09090614318848,,0.01,0.0001
277,222.580637909472,,0.01,0.0001
278,540.5228555127978,,0.01,0.0001
279,392.59259566664696,,0.01,0.0001
280,280.3921650275588,,0.01,0.0001
281,174.24748703092337,,0.01,0.0001
282,424.3055485934019,,0.01,0.0001
283,-59.70696000754833,,0.01,0.0001
284,604.3189174309373,,0.01,0.0001
285,61.62941384315491,,0.01,0.0001
286,223.9436680600047,,0.01,0.0001
287,273.8317685350776,,0.01,0.0001
288,164.26426055282354,,0.01,0.0001
289,678.1690309345722,,0.01,0.0001
290,-50.81967367231846,,0.01,0.0001
291,230.9608452618122,,0.01,0.0001
292,617.9487391859293,,0.01,0.0001
293,40.28776769340038,,0.01,0.0001
294,-84.90566182881594,,0.01,0.0001
295,410.4166598469019,,0.01,0.0001
296,256.61845886707306,,0.01,0.0001
297,234.61538188159466,,0.01,0.0001
298,447.101439781487,,0.01,0.0001
299,258.36176586151123,,0.01,0.0001
300,439.29538621008396,182.59023262446567,0.01,0.0001
301,225.65788773447275,,0.01,0.0001
302,385.5072378590703,,0.01,0.0001
303,419.23078125715256,,0.01,0.0001
304,320.42041535675526,,0.01,0.0001
305,587.0967981517315,,0.01,0.0001
306,581.3187013864517,,0.01,0.0001
307,200.9708733856678,,0.01,0.0001
308,579.0540744289756,,0.01,0.0001
309,-18.840584106743336,,0.01,0.0001
310,90.47619497030973,,0.01,0.0001
311,588.5245892181993,,0.01,0.0001
312,744.9367377758026,,0.01,0.0001
313,671.3310401812196,,0.01,0.0001
314,833.3333558142185,,0.01,0.0001
315,269.8630025908351,,0.01,0.0001
316,257.7981551811099,,0.01,0.0001
317,612.8378593102098,,0.01,0.0001
318,665.7342539578676,,0.01,0.0001
319,634.4827654063702,,0.01,0.0001
320,596.2963012009859,,0.01,0.0001
321,635.4838966280222,,0.01,0.0001
322,125.45454180985689,,0.01,0.0001
323,353.2871886640787,,0.01,0.0001
324,263.6363620907068,,0.01,0.0001
325,69.01408692449331,,0.01,0.0001
326,-67.5090274810791,,0.01,0.0001
327,554.3624037653208,,0.01,0.0001
328,719.923377007246,,0.01,0.0001
329,628.7066506817937,,0.01,0.0001
330,386.8420957252383,,0.01,0.0001
331,786.1209746599197,,0.01,0.0001
332,594.0063339993358,,0.01,0.0001
333,353.87453339248896,,0.01,0.0001
334,811.4391055256128,,0.01,0.0001
335,4.918031297624111,,0.01,0.0001
336,342.3077023997903,,0.01,0.0001
337,794.1605579555035,,0.01,0.0001
338,698.679863370955,,0.01,0.0001
339,275.3753707706928,,0.01,0.0001
340,861.5384471565485,,0.01,0.0001
341,287.32395125180483,,0.01,0.0001
342,849.2753471806645,,0.01,0.0001
343,223.30827850103378,,0.01,0.0001
344,888.7640228718519,,0.01,0.0001
345,534.7517699375749,,0.01,0.0001
346,522.8956086859107,,0.01,0.0001
347,587.4999871850014,,0.01,0.0001
348,-36.170214496552944,,0.01,0.0001
349,195.9183713644743,,0.01,0.0001
350,454.77032440155745,,0.01,0.0001
351,207.9470091164112,,0.01,0.0001
352,487.6623479053378,,0.01,0.0001
353,577.0186109319329,,0.01,0.0001
354,348.50497049838305,,0.01,0.0001
355,449.01959028095007,,0.01,0.0001
356,313.043464794755,,0.01,0.0001
357,665.3958739191294,,0.01,0.0001
358,369.0553864091635,,0.01,0.0001
359,853.4883797839284,,0.01,0.0001
360,505.67825492471457,,0.01,0.0001
361,183.13252056390047,,0.01,0.0001
362,841.7178054451942,,0.01,0.0001
363,241.21622571349144,,0.01,0.0001
364,656.3636278733611,,0.01,0.0001
365,874.820138797164,,0.01,0.0001
366,913.4999950230122,,0.01,0.0001
367,865.0349504128098,,0.01,0.0001
368,552.0270464271307,,0.01,0.0001
369,325.2491567954421,,0.01,0.0001
370,241.72661617398262,,0.01,0.0001
371,535.761568389833,,0.01,0.0001
372,89.78101550787687,,0.01,0.0001
373,353.3333340138197,,0.01,0.0001
374,206.9620347842574,,0.01,0.0001
375,396.7742104306817,,0.01,0.0001
376,421.42857901006937,,0.01,0.0001
377,649.128905698657,,0.01,0.0001
378,645.9807259514928,,0.01,0.0001
379,867.1532566547394,,0.01,0.0001
380,871.6312019005418,,0.01,0.0001
381,194.31437604129314,,0.01,0.0001
382,403.6231795325875,,0.01,0.0001
383,453.9568309560418,,0.01,0.0001
384,215.28663090616465,,0.01,0.0001
385,802.0978883132339,,0.01,0.0001
386,372.6688215881586,,0.01,0.0001
387,631.4487721994519,,0.01,0.0001
388,642.3312991261482,,0.01,0.0001
389,878.4946045950055,,0.01,0.0001
390,198.8165656477213,,0.01,0.0001
391,606.7137895077467,,0.01,0.0001
392,576.3636283129454,,0.01,0.0001
393,881.412651963532,,0.01,0.0001
394,346.96970254927874,,0.01,0.0001
395,763.4686258286238,,0.01,0.0001
396,291.81285271048546,,0.01,0.0001
397,604.0816443040967,,0.01,0.0001
398,803.9734816625714,,0.01,0.0001
399,687.1621861457825,,0.01,0.0001
400,298.6927974000573,472.44645578105127,0.01,0.0001
401,920.4000166878104,,0.01,0.0001
402,863.5036217197776,,0.01,0.0001
403,508.280269369483,,0.01,0.0001
404,781.7891448661685,,0.01,0.0001
405,778.3784053251147,,0.01,0.0001
406,630.2631442844868,,0.01,0.0001
407,855.7823293432593,,0.01,0.0001
408,904.6000308692455,,0.01,0.0001
409,841.3793193921447,,0.01,0.0001
410,323.9765947908163,,0.01,0.0001
411,896.610149949789,,0.01,0.0001
412,892.8825387656689,,0.01,0.0001
413,893.0555436909199,,0.01,0.0001
414,792.0634665191174,,0.01,0.0001
415,208.91720408201218,,0.01,0.0001
416,925.9000271335244,,0.01,0.0001
417,878.4946048855782,,0.01,0.0001
418,473.7179622799158,,0.01,0.0001
419,610.9634347632527,,0.01,0.0001
420,912.2999712303281,,0.01,0.0001
421,599.9999816566706,,0.01,0.0001
422,421.8977949693799,,0.01,0.0001
423,346.7455594241619,,0.01,0.0001
424,688.8198499977589,,0.01,0.0001
425,280.7829089164734,,0.01,0.0001
426,934.0999710708857,,0.01,0.0001
427,574.9116687104106,,0.01,0.0001
428,896.4538968801498,,0.01,0.0001
429,642.3728663697839,,0.01,0.0001
430,714.8147968426347,,0.01,0.0001
431,888.188947275281,,0.01,0.0001
432,864.1576873809099,,0.01,0.0001
433,396.68872544169426,,0.01,0.0001
434,485.6164217963815,,0.01,0.0001
435,340.7894648015499,,0.01,0.0001
436,634.9823411554098,,0.01,0.0001
437,447.44523913413286,,0.01,0.0001
438,467.567561224103,,0.01,0.0001
439,264.5833279117942,,0.01,0.0001
440,338.12708343565464,,0.01,0.0001
441,777.8625676110387,,0.01,0.0001
442,301.19760317355394,,0.01,0.0001
443,626.5917435064912,,0.01,0.0001
444,52.18718372285366,,0.01,0.0001
445,918.19999961555,,0.01,0.0001
446,588.6792532205582,,0.01,0.0001
447,393.24325758218765,,0.01,0.0001
448,924.4999795928597,,0.01,0.0001
449,443.16546389460564,,0.01,0.0001
450,889.7610703334212,,0.01,0.0001
451,874.5454440638423,,0.01,0.0001
452,83.94648449122906,,0.01,0.0001
453,237.53944344818592,,0.01,0.0001
454,278.4722166582942,,0.01,0.0001
455,861.538447059691,,0.01,0.0001
456,448.4949748888612,,0.01,0.0001
457,835.0180310159922,,0.01,0.0001
458,873.8561792373657,,0.01,0.0001
459,822.3300987482071,,0.01,0.0001
460,889.5470201298594,,0.01,0.0001
461,882.1429057866335,,0.01,0.0001
462,848.7179771289229,,0.01,0.0001
463,307.05129121243954,,0.01,0.0001
464,357.44680589437485,,0.01,0.0001
465,344.4444300159812,,0.01,0.0001
466,879.7979582175612,,0.01,0.0001
467,925.4999692365527,,0.01,0.0001
468,509.2715033739805,,0.01,0.0001
469,327.71082988381386,,0.01,0.0001
470,880.1324196755886,,0.01,0.0001
471,600.0000106245279,,0.01,0.0001
472,719.6202810630202,,0.01,0.0001
473,868.1274827122688,,0.01,0.0001
474,885.18519282341,,0.01,0.0001
475,828.0303162261844,,0.01,0.0001
476,76.92307453602552,,0.01,0.0001
477,824.6575085222721,,0.01,0.0001
478,52.17390909045935,,0.01,0.0001
479,845.6521586328745,,0.01,0.0001
480,655.395679153502,,0.01,0.0001
481,896.1685892492533,,0.01,0.0001
482,374.9034870415926,,0.01,0.0001
483,915.4000037610531,,0.01,0.0001
484,504.8950952589512,,0.01,0.0001
485,896.5277658775449,,0.01,0.0001
486,877.4919862821698,,0.01,0.0001
487,928.9000225365162,,0.01,0.0001
488,889.0510662645102,,0.01,0.0001
489,84.31372867524624,,0.01,0.0001
490,862.8252910971642,,0.01,0.0001
491,906.7999711483717,,0.01,0.0001
492,526.4150982797146,,0.01,0.0001
493,873.6842246428132,,0.01,0.0001
494,548.275867678225,,0.01,0.0001
495,813.3858009278774,,0.01,0.0001
496,846.8438277989626,,0.01,0.0001
497,880.5194986388087,,0.01,0.0001
498,859.9999896511436,,0.01,0.0001
499,915.9999724775553,,0.01,0.0001
500,685.4785430952907,537.1706385657682,0.01,0.0001
501,927.5000078007579,,0.01,0.0001
502,463.7065784111619,,0.01,0.0001
503,901.0999792441726,,0.01,0.0001
504,817.1597598269582,,0.01,0.0001
505,896.5635454058647,,0.01,0.0001
506,802.7777667418122,,0.01,0.0001
507,856.228935316205,,0.01,0.0001
508,471.98444739729166,,0.01,0.0001
509,920.500017657876,,0.01,0.0001
510,928.9999964982271,,0.01,0.0001
511,932.7000278010964,,0.01,0.0001
512,881.7517963945866,,0.01,0.0001
513,896.4157515242696,,0.01,0.0001
514,869.4915064647794,,0.01,0.0001
515,517.2413846626878,,0.01,0.0001
516,855.1282285675406,,0.01,0.0001
517,893.2432739213109,,0.01,0.0001
518,896.2264222577214,,0.01,0.0001
519,831.8996235281229,,0.01,0.0001
520,896.1831746995449,,0.01,0.0001
521,539.072826564312,,0.01,0.0001
522,927.7000147625804,,0.01,0.0001
523,573.4693989232183,,0.01,0.0001
524,630.4075221046805,,0.01,0.0001
525,182.42074745893478,,0.01,0.0001
526,928.3999897092581,,0.01,0.0001
527,360.43165143579245,,0.01,0.0001
528,457.1955656707287,,0.01,0.0001
529,622.3880556225777,,0.01,0.0001
530,880.9159995913506,,0.01,0.0001
531,886.5771632120013,,0.01,0.0001
532,857.8544126749039,,0.01,0.0001
533,181.34555738419294,,0.01,0.0001
534,613.2867020145059,,0.01,0.0001
535,875.2650301605463,,0.01,0.0001
536,836.8421206027269,,0.01,0.0001
537,930.0000270977616,,0.01,0.0001
538,81.48148151487112,,0.01,0.0001
539,929.1999907642603,,0.01,0.0001
540,67.23549052327871,,0.01,0.0001
541,889.5833216011524,,0.01,0.0001
542,888.6792523786426,,0.01,0.0001
543,491.17647709697485,,0.01,0.0001
544,866.9117701500654,,0.01,0.0001
545,889.4737003073096,,0.01,0.0001
546,852.3809811472893,,0.01,0.0001
547,922.9999713897705,,0.01,0.0001
548,577.7408450618386,,0.01,0.0001
549,811.7646778300405,,0.01,0.0001
550,912.8999995365739,,0.01,0.0001
551,137.35408952832222,,0.01,0.0001
552,882.993214212358,,0.01,0.0001
553,700.7379993200302,,0.01,0.0001
554,89.28571602702141,,0.01,0.0001
555,861.2403178438544,,0.01,0.0001
556,890.2280399426818,,0.01,0.0001
557,896.2546590343118,,0.01,0.0001
558,887.2204557582736,,0.01,0.0001
559,893.0555437877774,,0.01,0.0001
560,775.9098803326488,,0.01,0.0001
561,851.8072288557887,,0.01,0.0001
562,915.1000250428915,,0.01,0.0001
563,854.0983599573374,,0.01,0.0001
564,614.2857007086277,,0.01,0.0001
565,858.9552432373166,,0.01,0.0001
566,882.5174676626921,,0.01,0.0001
567,718.1818330064416,,0.01,0.0001
568,854.063616424799,,0.01,0.0001
569,915.8999793678522,,0.01,0.0001
570,562.3376741930842,,0.01,0.0001
571,666.2337801977992,,0.01,0.0001
572,840.9594001099467,,0.01,0.0001
573,927.6000084578991,,0.01,0.0001
574,63.879594907164574,,0.01,0.0001
575,572.5978479683399,,0.01,0.0001
576,876.7441939637065,,0.01,0.0001
577,908.1999723613262,,0.01,0.0001
578,874.0259919166565,,0.01,0.0001
579,890.5063635110855,,0.01,0.0001
580,874.5454440638423,,0.01,0.0001
581,931.0999952852726,,0.01,0.0001
582,923.8000224605203,,0.01,0.0001
583,921.3999811708927,,0.01,0.0001
584,888.1422745957971,,0.01,0.0001
585,455.9321918413043,,0.01,0.0001
586,924.6999864429235,,0.01,0.0001
587,861.4035245552659,,0.01,0.0001
588,556.8627246841788,,0.01,0.0001
589,888.2353179231286,,0.01,0.0001
590,893.7304061204195,,0.01,0.0001
591,859.8662074878812,,0.01,0.0001
592,915.4999690875411,,0.01,0.0001
593,916.5000259205699,,0.01,0.0001
594,842.7480622008443,,0.01,0.0001
595,896.2546594142914,,0.01,0.0001
596,490.2777699455619,,0.01,0.0001
597,850.3816508948803,,0.01,0.0001
598,929.8000073507428,,0.01,0.0001
599,908.2000309228897,,0.01,0.0001
600,881.5498058795929,764.9619130653072,0.01,0.0001
601,893.079567797482,,0.01,0.0001
602,615.6250204965472,,0.01,0.0001
603,919.39998845011,,0.01,0.0001
604,926.7000150382519,,0.01,0.0001
605,886.4406586065888,,0.01,0.0001
606,871.337603867054,,0.01,0.0001
607,688.0794447958469,,0.01,0.0001
608,440.84505036473274,,0.01,0.0001
609,913.1000024527311,,0.01,0.0001
610,882.8178417012095,,0.01,0.0001
611,903.2999948710203,,0.01,0.0001
612,920.5000312030315,,0.01,0.0001
613,924.400030605495,,0.01,0.0001
614,863.855392202735,,0.01,0.0001
615,890.9909812435508,,0.01,0.0001
616,890.2912643551826,,0.01,0.0001
617,886.9707107618451,,0.01,0.0001
618,883.7662521451712,,0.01,0.0001
619,916.8000272512436,,0.01,0.0001
620,927.6000133603811,,0.01,0.0001
621,892.7272618860006,,0.01,0.0001
622,913.6999863758683,,0.01,0.0001
623,896.8652021661401,,0.01,0.0001
624,863.2106888592243,,0.01,0.0001
625,893.5691570416093,,0.01,0.0001
626,887.5389243885875,,0.01,5e-05
627,927.8000271618366,,0.01,5e-05
628,920.9000089168549,,0.01,5e-05
629,928.9000208899379,,0.01,5e-05
630,887.5000288262963,,0.01,5e-05
631,912.5999699831009,,0.01,5e-05
632,919.2999713346362,,0.01,5e-05
633,877.1987234130502,,0.01,5e-05
634,926.6000076904893,,0.01,5e-05
635,931.5999908000231,,0.01,5e-05
636,926.5000306367874,,0.01,5e-05
637,893.0555435940623,,0.01,5e-05
638,243.65325189381838,,0.01,5e-05
639,932.7999823987484,,0.01,5e-05
640,890.5363136529922,,0.01,5e-05
641,889.3238196074963,,0.01,5e-05
642,886.1110993176699,,0.01,5e-05
643,880.891744248569,,0.01,5e-05
644,785.0174050629139,,0.01,5e-05
645,893.4210347235203,,0.01,5e-05
646,929.9000082239509,,0.01,5e-05
647,921.9000026807189,,0.01,5e-05
648,199.69418114423752,,0.01,5e-05
649,886.6220601052046,,0.01,5e-05
650,58.94039164483547,,0.01,5e-05
651,931.2999951913953,,0.01,5e-05
652,727.7027277126908,,0.01,5e-05
653,884.7561118453741,,0.01,5e-05
654,924.1000132113695,,0.01,5e-05
655,929.199983254075,,0.01,5e-05
656,893.1740385890007,,0.01,5e-05
657,892.8057501465082,,0.01,5e-05
658,880.1980144008994,,0.01,5e-05
659,547.9400601908565,,0.01,5e-05
660,896.8454621583223,,0.01,5e-05
661,821.9858115538955,,0.01,5e-05
662,928.9000148773193,,0.01,5e-05
663,890.8536732122302,,0.01,5e-05
664,878.1250287294388,,0.01,5e-05
665,863.210689149797,,0.01,5e-05
666,935.4999710917473,,0.01,5e-05
667,925.7000209391117,,0.01,5e-05
668,873.2938037365675,,0.01,5e-05
669,880.2631402015686,,0.01,5e-05
670,896.6216523125768,,0.01,5e-05
671,256.4013770073652,,0.01,5e-05
672,919.7999729141593,,0.01,5e-05
673,924.800030708313,,0.01,5e-05
674,91.88191558420658,,0.01,5e-05
675,874.3590036854148,,0.01,5e-05
676,890.7120806053281,,0.01,5e-05
677,921.9999818578362,,0.01,5e-05
678,894.3502823635936,,0.01,5e-05
679,892.1875230148435,,0.01,5e-05
680,933.4999835118651,,0.01,5e-05
681,928.6999776288867,,0.01,5e-05
682,896.4912443906069,,0.01,5e-05
683,890.797560967505,,0.01,5e-05
684,937.1000085994601,,0.01,5e-05
685,885.5072307214141,,0.01,5e-05
686,938.6000232025981,,0.01,5e-05
687,934.5999937728047,,0.01,5e-05
688,924.2000177130103,,0.01,5e-05
689,886.2542673423886,,0.01,5e-05
690,903.1999946683645,,0.01,5e-05
691,900.0999696180224,,0.01,5e-05
692,918.0000130236149,,0.01,5e-05
693,880.5825264528394,,0.01,5e-05
694,920.2999822869897,,0.01,5e-05
695,924.0000101700425,,0.01,5e-05
696,896.6442772373557,,0.01,5e-05
697,93.43065082281828,,0.01,5e-05
698,925.7000176385045,,0.01,5e-05
699,925.6999775841832,,0.01,5e-05
700,886.622060008347,769.7339055019636,0.01,5e-05
701,714.1892140507698,,0.01,5e-05
702,857.8312975168228,,0.01,5e-05
703,867.5090049281716,,0.01,5e-05
704,919.8000249192119,,0.01,5e-05
705,933.7000271528959,,0.01,5e-05
706,893.1972959414124,,0.01,5e-05
707,886.3481007441878,,0.01,5e-05
708,852.5423541292548,,0.01,5e-05
709,939.3999932706356,,0.01,5e-05
710,928.9999854415655,,0.01,5e-05
711,890.0331950187683,,0.01,5e-05
712,930.8999689370394,,0.01,5e-05
713,882.1428728252649,,0.01,5e-05
714,630.2631445676088,,0.01,5e-05
715,887.2204557582736,,0.01,5e-05
716,255.48171720653772,,0.01,5e-05
717,927.9000134393573,,0.01,5e-05
718,925.9000177383423,,0.01,5e-05
719,872.5609899833798,,0.01,5e-05
720,886.3945748209953,,0.01,5e-05
721,853.6679796427488,,0.01,5e-05
722,868.9655263125896,,0.01,5e-05
723,896.4664438962936,,0.01,5e-05
724,932.1000151187181,,0.01,5e-05
725,928.8999722599983,,0.01,5e-05
726,862.8252911940217,,0.01,5e-05
727,896.7532651051879,,0.01,5e-05
728,926.1999718397856,,0.01,5e-05
729,922.7999786436558,,0.01,5e-05
730,935.09999550879,,0.01,5e-05
731,800.3021211624146,,0.01,5e-05
732,893.3554540649056,,0.01,5e-05
733,876.5100494772196,,0.01,5e-05
734,938.9999711439013,,0.01,5e-05
735,924.5000177174807,,0.01,5e-05
736,925.2000090777874,,0.01,5e-05
737,936.4999690204859,,0.01,5e-05
738,935.3999931141734,,0.01,5e-05
739,901.49997536093,,0.01,5e-05
740,886.6666701287031,,0.01,5e-05
741,932.1000133305788,,0.01,5e-05
742,723.151146158576,,0.01,5e-05
743,908.7999863997102,,0.01,5e-05
744,869.6969836056232,,0.01,5e-05
745,856.5217256322503,,0.01,5e-05
746,890.2597586736083,,0.01,5e-05
747,889.3993058875203,,0.01,5e-05
748,234.3750086799264,,0.01,5e-05
749,927.9999950379133,,0.01,5e-05
750,588.6227528527379,,0.01,5e-05
751,890.6250290200114,,0.01,5e-05
752,893.5897681415081,,0.01,5e-05
753,923.2000188603997,,0.01,5e-05
754,896.5517338141799,,0.01,5e-05
755,935.6000271812081,,0.01,5e-05
756,890.0990044623613,,0.01,5e-05
757,866.4634286165237,,0.01,5e-05
758,892.8057502433658,,0.01,5e-05
759,932.5999907180667,,0.01,5e-05
760,881.6176526099443,,0.01,5e-05
761,935.0000135451555,,0.01,5e-05
762,875.6944327577949,,0.01,5e-05
763,888.6040165647864,,0.01,5e-05
764,931.4999715387821,,0.01,5e-05
765,924.0000310614705,,0.01,5e-05
766,876.6666696891189,,0.01,5e-05
767,914.7000025734305,,0.01,5e-05
768,883.9743832722306,,0.01,5e-05
769,889.3238196074963,,0.01,5e-05
770,922.2000312283635,,0.01,5e-05
771,767.0359921678901,,0.01,5e-05
772,567.8831919878721,,0.01,5e-05
773,890.2280396521091,,0.01,5e-05
774,889.3238196074963,,0.01,5e-05
775,875.6944326609373,,0.01,5e-05
776,928.0000100359321,,0.01,5e-05
777,889.0510670244694,,0.01,5e-05
778,923.5999995991588,,0.01,5e-05
779,924.9999700561166,,0.01,5e-05
780,493.7500168159604,,0.01,5e-05
781,870.000003375113,,0.01,5e-05
782,730.0653338730335,,0.01,5e-05
783,889.9665415734053,,0.01,5e-05
784,884.3750287294388,,0.01,5e-05
785,504.9821915626526,,0.01,5e-05
786,748.3964899405837,,0.01,5e-05
787,812.225703895092,,0.01,5e-05
788,896.6887097880244,,0.01,5e-05
789,866.6666864678264,,0.01,5e-05
790,876.5395637527108,,0.01,5e-05
791,881.0606200098991,,0.01,5e-05
792,930.9999855682254,,0.01,5e-05
793,936.3000236526132,,0.01,5e-05
794,865.3979074209929,,0.01,5e-05
795,890.2597587704659,,0.01,5e-05
796,848.4848677814007,,0.01,5e-05
797,343.7689963951707,,0.01,5e-05
798,839.0244038701057,,0.01,5e-05
799,876.5100492835045,,0.01,5e-05
800,431.56144627183676,754.9139102084562,0.01,5e-05
801,926.2999823763967,,0.01,5e-05
802,885.7143013626337,,0.01,5e-05
803,896.610149949789,,0.01,5e-05
804,889.5104746595025,,0.01,5e-05
805,220.98764552921057,,0.01,5e-05
806,922.0000090301037,,0.01,5e-05
807,896.5034815594554,,0.01,5e-05
808,941.8000249266624,,0.01,5e-05
809,680.7807725295424,,0.01,5e-05
810,879.0940584391356,,0.01,5e-05
811,848.5530788376927,,0.01,5e-05
812,926.3999823704362,,0.01,5e-05
813,871.6312017068267,,0.01,5e-05
814,721.0526447296143,,0.01,5e-05
815,935.000027269125,,0.01,5e-05
816,929.4999780207872,,0.01,5e-05
817,887.3015578463674,,0.01,5e-05
818,934.1999760717154,,0.01,5e-05
819,929.4999885037541,,0.01,5e-05
820,874.6376655623317,,0.01,5e-05
821,932.8999845311046,,0.01,5e-05
822,886.3481001704931,,0.01,5e-05
823,652.8089714050293,,0.01,5e-05
824,844.6366619691253,,0.01,5e-05
825,575.4966668635607,,0.01,5e-05
826,937.5000150054693,,0.01,5e-05
827,885.9155146330595,,0.01,5e-05
828,930.9999885261059,,0.01,5e-05
829,879.3103541135788,,0.01,5e-05
830,928.2000176757574,,0.01,5e-05
831,887.8542242199183,,0.01,5e-05
832,931.1999812200665,,0.01,5e-05
833,831.972805082798,,0.01,5e-05
834,884.496131926775,,0.01,5e-05
835,863.8988967910409,,0.01,5e-05
836,926.0000311881304,,0.01,5e-05
837,934.2999784722924,,0.01,5e-05
838,926.7000101134181,,0.01,5e-05
839,876.4705995023251,,0.01,5e-05
840,872.789132386446,,0.01,5e-05
841,934.3000075146556,,0.01,5e-05
842,879.0940584391356,,0.01,5e-05
843,934.2000061944127,,0.01,5e-05
844,933.7999966666102,,0.01,5e-05
845,876.676371768117,,0.01,5e-05
846,893.2659713178873,,0.01,5e-05
847,913.599968098104,,0.01,5e-05
848,934.4999908432364,,0.01,5e-05
849,932.2999954670668,,0.01,5e-05
850,902.2000225633383,,0.01,5e-05
851,929.3999763801694,,0.01,5e-05
852,926.1000040173531,,0.01,5e-05
853,926.6999737769365,,0.01,5e-05
854,896.6101498529315,,0.01,5e-05
855,272.7810627296567,,0.01,5e-05
856,499.2366218864918,,0.01,5e-05
857,878.8732607513666,,0.01,5e-05
858,935.9000134840608,,0.01,5e-05
859,612.1212218552828,,0.01,5e-05
860,521.8750176876783,,0.01,5e-05
861,928.199972577393,,0.01,5e-05
862,928.7999722883105,,0.01,5e-05
863,926.500031195581,,0.01,5e-05
864,932.5999846234918,,0.01,5e-05
865,925.9999823644757,,0.01,5e-05
866,923.3999996930361,,0.01,5e-05
867,922.6000249609351,,0.01,5e-05
868,448.9614434465766,,0.01,5e-05
869,929.5000147894025,,0.01,5e-05
870,886.5319650098681,,0.01,5e-05
871,922.5000274330378,,0.01,5e-05
872,853.0201169773936,,0.01,5e-05
873,941.4999825283885,,0.01,5e-05
874,927.8000177666545,,0.01,5e-05
875,859.7315259724855,,0.01,5e-05
876,896.6666702777147,,0.01,5e-05
877,896.4538967832923,,0.01,5e-05
878,874.8427792713046,,0.01,5e-05
879,892.8571586310863,,0.01,5e-05
880,714.2857270166278,,0.01,5e-05
881,896.9135567992926,,0.01,5e-05
882,933.2999764382839,,0.01,5e-05
883,929.1000101491809,,0.01,5e-05
884,896.7213108167052,,0.01,5e-05
885,875.1773008927703,,0.01,5e-05
886,928.9999952539802,,0.01,5e-05
887,888.7640224918723,,0.01,5e-05
888,921.5999701172113,,0.01,5e-05
889,886.754935644567,,0.01,5e-05
890,894.134870827198,,0.01,5e-05
891,920.4000253155828,,0.01,5e-05
892,875.609770424664,,0.01,5e-05
893,930.5999809503555,,0.01,5e-05
894,892.2179200947285,,0.01,5e-05
895,928.9000177830458,,0.01,5e-05
896,863.3333367705345,,0.01,5e-05
897,885.4545347765088,,0.01,5e-05
898,923.1000089496374,,0.01,5e-05
899,921.3000025749207,,0.01,5e-05
900,874.169732041657,851.220721951065,0.01,5e-05
901,938.9000151231885,,0.01,5e-05
902,439.82301742583513,,0.01,5e-05
903,923.2999679297209,,0.01,5e-05
904,892.9328748434782,,0.01,5e-05
905,890.3226156830788,,0.01,5e-05
906,888.7218188717961,,0.01,5e-05
907,893.2432738244534,,0.01,5e-05
908,890.1639337614179,,0.01,5e-05
909,934.5999796465039,,0.01,5e-05
910,867.5324854850769,,0.01,5e-05
911,903.8999892473221,,0.01,5e-05
912,929.9999812021852,,0.01,5e-05
913,231.12581671774387,,0.01,5e-05
914,930.0000102594495,,0.01,5e-05
915,883.6601005122066,,0.01,5e-05
916,421.0083899721503,,0.01,5e-05
917,339.189201772213,,0.01,5e-05
918,892.753607429564,,0.01,5e-05
919,892.5926000103354,,0.01,5e-05
920,893.377451993525,,0.01,5e-05
921,889.9665413796902,,0.01,5e-05
922,931.2999964356422,,0.01,5e-05
923,879.7979585081339,,0.01,5e-05
924,926.2999722510576,,0.01,5e-05
925,900.1000056862831,,0.01,5e-05
926,889.8989682123065,,0.01,5e-05
927,838.3561382889748,,0.01,5e-05
928,874.8953574150801,,0.01,5e-05
929,890.0331950187683,,0.01,5e-05
930,881.8731184825301,,0.01,5e-05
931,942.2999825403094,,0.01,5e-05
932,940.000023804605,,0.01,5e-05
933,256.6879059895873,,0.01,5e-05
934,893.0069780126214,,0.01,5e-05
935,875.7575955688953,,0.01,5e-05
936,878.7234003692865,,0.01,5e-05
937,893.9024537503719,,0.01,5e-05
938,936.8000150918961,,0.01,5e-05
939,851.672874674201,,0.01,5e-05
940,886.486516751349,,0.01,5e-05
941,884.2271649539471,,0.01,5e-05
942,933.70001514256,,0.01,5e-05
943,742.7673058062792,,0.01,5e-05
944,818.0327857658267,,0.01,5e-05
945,931.0999730825424,,0.01,5e-05
946,905.9999840334058,,0.01,5e-05
947,872.7891321927309,,0.01,5e-05
948,847.0198383107781,,0.01,5e-05
949,923.9000358507037,,0.01,5e-05
950,896.7105083540082,,0.01,5e-05
951,892.8571586310863,,0.01,5e-05
952,929.69998241961,,0.01,5e-05
953,882.2694994583726,,0.01,5e-05
954,869.0402535125613,,0.01,5e-05
955,892.6470641642809,,0.01,5e-05
956,928.5999809205532,,0.01,5e-05
957,721.1920273005962,,0.01,5e-05
958,896.6555045098066,,0.01,5e-05
959,883.1223162636161,,0.01,5e-05
960,929.499990478158,,0.01,5e-05
961,934.9999795556068,,0.01,5e-05
962,893.5691567510366,,0.01,5e-05
963,714.589665748179,,0.01,5e-05
964,937.5000087022781,,0.01,5e-05
965,896.2686770930886,,0.01,5e-05
966,874.7634420990944,,0.01,5e-05
967,882.1428386196494,,0.01,5e-05
968,592.3076814115047,,0.01,5e-05
969,390.6250135228038,,0.01,5e-05
970,927.800016798079,,0.01,5e-05
971,872.9730028957129,,0.01,5e-05
972,848.7179718911648,,0.01,5e-05
973,930.4000071659684,,0.01,5e-05
974,876.666670076549,,0.01,5e-05
975,896.4538967832923,,0.01,5e-05
976,836.6197386234999,,0.01,5e-05
977,928.7999722063541,,0.01,5e-05
978,881.4241548329592,,0.01,5e-05
979,929.4999730587006,,0.01,5e-05
980,892.9577683210373,,0.01,5e-05
981,886.6220598146319,,0.01,5e-05
982,928.7000177800655,,0.01,5e-05
983,689.830492541194,,0.01,5e-05
984,886.5771632120013,,0.01,5e-05
985,853.3074134513736,,0.01,5e-05
986,694.9527097940445,,0.01,5e-05
987,878.9156323373318,,0.01,5e-05
988,889.4366414770484,,0.01,5e-05
989,854.0636162310839,,0.01,5e-05
990,870.1492488309741,,0.01,5e-05
991,886.3481011241674,,0.01,5e-05
992,691.2457736507058,,0.01,5e-05
993,849.6855462118983,,0.01,5e-05
994,890.2280398458242,,0.01,5e-05
995,518.1229777112603,,0.01,5e-05
996,883.8710024431348,,0.01,5e-05
997,884.0764574185014,,0.01,5e-05
998,881.7073315009475,,0.01,5e-05
999,934.3000151515007,,0.01,5e-05
1000,881.5951066315174,862.7401498859435,0.01,5e-05
1001,925.5000100955367,,0.01,5e-05
1002,877.3462803885341,,0.01,5e-05
1003,886.4865169450641,,0.01,5e-05
1004,559.7633106559515,,0.01,5e-05
1005,733.8658214956522,,0.01,5e-05
1006,889.8648953363299,,0.01,5e-05
1007,878.1021618396044,,0.01,5e-05
1008,892.278019271791,,0.01,5e-05
1009,773.015866830945,,0.01,5e-05
1010,875.3521340042353,,0.01,5e-05
1011,224.07406596839428,,0.01,5e-05
1012,893.1972959414124,,0.01,5e-05
1013,896.688710168004,,0.01,5e-05
1014,886.0139713063836,,0.01,5e-05
1015,896.3898708969355,,0.01,5e-05
1016,893.311023041606,,0.01,5e-05
1017,881.412651963532,,0.01,5e-05
1018,282.67147121578455,,0.01,5e-05
1019,896.8253667131066,,0.01,5e-05
1020,930.7000306993723,,0.01,5e-05
1021,233.33332677185535,,0.01,5e-05
1022,928.7999950498343,,0.01,5e-05
1023,930.1000149920583,,0.01,5e-05
1024,896.7105080634356,,0.01,5e-05
1025,886.0139711126685,,0.01,5e-05
1026,872.4138023108244,,0.01,5e-05
1027,512.4567363858223,,0.01,5e-05
1028,905.7000130340457,,0.01,5e-05
1029,926.5000275895,,0.01,5e-05
1030,881.1912212595344,,0.01,5e-05
1031,397.0059863999486,,0.01,5e-05
1032,694.788294903934,,0.01,5e-05
1033,933.7999952286482,,0.01,5e-05
1034,932.3999797105789,,0.01,5e-05
1035,881.012691989541,,0.01,5e-05
1036,935.9000270888209,,0.01,5e-05
1037,524.293784596026,,0.01,5e-05
1038,940.4000136256218,,0.01,5e-05
1039,867.261886395514,,0.01,5e-05
1040,874.3590037822723,,0.01,5e-05
1041,389.73605713248253,,0.01,5e-05
1042,868.5534711033106,,0.01,5e-05
1043,858.188135445118,,0.01,5e-05
1044,914.40001475811,,0.01,5e-05
1045,889.4737003073096,,0.01,5e-05
1046,212.7035902813077,,0.01,5e-05
1047,873.4218997880816,,0.01,5e-05
1048,508.2089671045542,,0.01,5e-05
1049,929.0999854430556,,0.01,5e-05
1050,816.9674897491932,,0.01,5e-05
1051,704.4164326488972,,0.01,5e-05
1052,940.9000135362148,,0.01,5e-05
1053,873.782749786973,,0.01,5e-05
1054,839.1635230258107,,0.01,5e-05
1055,890.3226158767939,,0.01,5e-05
1056,932.3000085279346,,0.01,5e-05
1057,906.5999723374844,,0.01,5e-05
1058,868.7499882876873,,0.01,5e-05
1059,874.9216283932328,,0.01,5e-05
1060,396.794883325696,,0.01,5e-05
1061,863.4551230296493,,0.01,5e-05
1062,889.6906933635473,,0.01,5e-05
1063,858.3333567604423,,0.01,5e-05
1064,871.7314611077309,,0.01,5e-05
1065,862.5850500762463,,0.01,5e-05
1066,893.1506573557854,,0.01,5e-05
1067,884.0637376978993,,0.01,5e-05
1068,893.3993344828486,,0.01,5e-05
1069,901.799961104989,,0.01,5e-05
1070,871.9298404380679,,0.01,5e-05
1071,922.8000038713217,,0.01,5e-05
1072,869.1357785463333,,0.01,5e-05
1073,921.1000258922577,,0.01,5e-05
1074,750.5337868779898,,0.01,5e-05
1075,870.0000031813979,,0.01,5e-05
1076,881.6850113421679,,0.01,5e-05
1077,931.2000101804733,,0.01,5e-05
1078,864.5161628723145,,0.01,5e-05
1079,830.0000030696392,,0.01,5e-05
1080,889.4366412833333,,0.01,5e-05
1081,886.2069059163332,,0.01,5e-05
1082,867.1532574146986,,0.01,5e-05
1083,835.9430379346013,,0.01,5e-05
1084,766.4259743764997,,0.01,5e-05
1085,385.40144523978233,,0.01,5e-05
1086,875.0889441147447,,0.01,5e-05
1087,849.6644122377038,,0.01,5e-05
1088,864.5161630138755,,0.01,5e-05
1089,843.2624072507024,,0.01,5e-05
1090,924.8000358641148,,0.01,5e-05
1091,881.6513501033187,,0.01,5e-05
1092,873.1343233510852,,0.01,5e-05
1093,886.062699533999,,0.01,5e-05
1094,896.6329748108983,,0.01,5e-05
1095,345.9459587484598,,0.01,5e-05
1096,892.1875229179859,,0.01,5e-05
1097,857.2953506037593,,0.01,5e-05
1098,910.6999719664454,,0.01,5e-05
1099,881.4126520603895,,0.01,5e-05
1100,805.5943915694952,806.5267578240147,0.01,5e-05
1101,934.4999813660979,,0.01,5e-05
1102,889.0510662645102,,0.01,5e-05
1103,553.4954405501485,,0.01,5e-05
1104,890.0990042686462,,0.01,5e-05
1105,856.9536116942763,,0.01,5e-05
1106,879.0209640190005,,0.01,5e-05
1107,886.1110991239548,,0.01,5e-05
1108,471.90634594112635,,0.01,5e-05
1109,874.1935828253627,,0.01,5e-05
1110,886.0139713063836,,0.01,5e-05
1111,882.1429046392441,,0.01,5e-05
1112,868.0851024240255,,0.01,5e-05
1113,872.2222106680274,,0.01,5e-05
1114,929.8000313416123,,0.01,5e-05
1115,314.5454491749406,,0.01,5e-05
1116,871.6312019005418,,0.01,5e-05
1117,889.2086277604103,,0.01,5e-05
1118,459.3869763985276,,0.01,5e-05
1119,892.8571583405137,,0.01,5e-05
1120,889.2086277604103,,0.01,5e-05
1121,893.0555437877774,,0.01,5e-05
1122,875.609770424664,,0.01,5e-05
1123,919.6000072956085,,0.01,5e-05
1124,930.1000168323517,,0.01,5e-05
1125,877.2727454230189,,0.01,5e-05
1126,653.8461496755481,,0.01,5e-05
1127,595.3845947161317,,0.01,5e-05
1128,876.8211607411504,,0.01,5e-05
1129,889.5833214074373,,0.01,5e-05
1130,889.9328678548336,,0.01,5e-05
1131,854.1284157931805,,0.01,2.5e-05
1132,893.311023041606,,0.01,2.5e-05
1133,754.7854737192392,,0.01,2.5e-05
1134,905.0000147819519,,0.01,2.5e-05
1135,454.68751206994057,,0.01,2.5e-05
1136,875.0778652876616,,0.01,2.5e-05
1137,933.3999760597944,,0.01,2.5e-05
1138,860.7842842042446,,0.01,2.5e-05
1139,932.7000223994255,,0.01,2.5e-05
1140,823.303850479424,,0.01,2.5e-05
1141,839.4904692620039,,0.01,2.5e-05
1142,937.0999908819795,,0.01,2.5e-05
1143,941.700018748641,,0.01,2.5e-05
1144,873.9777077138424,,0.01,2.5e-05
1145,863.5761276632547,,0.01,2.5e-05
1146,889.3993060812354,,0.01,2.5e-05
1147,839.8734501823783,,0.01,2.5e-05
1148,860.1328639835119,,0.01,2.5e-05
1149,900.7999849244952,,0.01,2.5e-05
1150,934.899996586144,,0.01,2.5e-05
1151,937.2999716252089,,0.01,2.5e-05
1152,873.293803833425,,0.01,2.5e-05
1153,916.9000223577023,,0.01,2.5e-05
1154,857.7922253534198,,0.01,2.5e-05
1155,840.5940540581942,,0.01,2.5e-05
1156,874.3590037822723,,0.01,2.5e-05
1157,890.4153438732028,,0.01,2.5e-05
1158,864.1790996938944,,0.01,2.5e-05
1159,927.7999692708254,,0.01,2.5e-05
1160,881.1320876330137,,0.01,2.5e-05
1161,929.600022546947,,0.01,2.5e-05
1162,873.6841929405928,,0.01,2.5e-05
1163,870.588240377605,,0.01,2.5e-05
1164,910.5999851673841,,0.01,2.5e-05
1165,878.7234004661441,,0.01,2.5e-05
1166,893.1271190047264,,0.01,2.5e-05
1167,927.9999824985862,,0.01,2.5e-05
1168,911.0999881327152,,0.01,2.5e-05
1169,926.4999693185091,,0.01,2.5e-05
1170,935.4999953508377,,0.01,2.5e-05
1171,875.3521341979504,,0.01,2.5e-05
1172,904.5000097826123,,0.01,2.5e-05
1173,938.6999765187502,,0.01,2.5e-05
1174,933.7000134289265,,0.01,2.5e-05
1175,880.3278680816293,,0.01,2.5e-05
1176,889.3993060812354,,0.01,2.5e-05
1177,890.797560967505,,0.01,2.5e-05
1178,879.5918535068631,,0.01,2.5e-05
1179,876.5625224336982,,0.01,2.5e-05
1180,920.0000024586916,,0.01,2.5e-05
1181,891.2536311745644,,0.01,2.5e-05
1182,896.9879213348031,,0.01,2.5e-05
1183,874.921628780663,,0.01,2.5e-05
1184,602.7971916645765,,0.01,2.5e-05
1185,889.9328679516912,,0.01,2.5e-05
1186,882.3943877890706,,0.01,2.5e-05
1187,406.7113994807005,,0.01,2.5e-05
1188,924.5000297725201,,0.01,2.5e-05
1189,876.4309551119804,,0.01,2.5e-05
1190,730.1886891797185,,0.01,2.5e-05
1191,860.4316496402025,,0.01,2.5e-05
1192,870.9090802669525,,0.01,2.5e-05
1193,861.5384471565485,,0.01,2.5e-05
1194,935.5999867990613,,0.01,2.5e-05
1195,886.9707106649876,,0.01,2.5e-05
1196,932.000013500452,,0.01,2.5e-05
1197,827.1522877439857,,0.01,2.5e-05
1198,896.3636255860329,,0.01,2.5e-05
1199,866.1538182497025,,0.01,2.5e-05
1200,889.1696544289589,907.5374797052446,0.01,2.5e-05
1201,905.6000130102038,,0.01,2.5e-05
1202,934.1000165045261,,0.01,2.5e-05
1203,888.9298796206713,,0.01,2.5e-05
1204,923.399990580976,,0.01,2.5e-05
1205,889.1304189786315,,0.01,2.5e-05
1206,917.1999761983752,,0.01,2.5e-05
1207,882.993214212358,,0.01,2.5e-05
1208,207.69230239838362,,0.01,2.5e-05
1209,930.1999715194106,,0.01,2.5e-05
1210,896.8051204904914,,0.01,2.5e-05
1211,311.97183906286955,,0.01,2.5e-05
1212,870.7792386040092,,0.01,2.5e-05
1213,849.6644119471312,,0.01,2.5e-05
1214,732.8358161598444,,0.01,2.5e-05
1215,886.0626994371414,,0.01,2.5e-05
1216,856.9536113142967,,0.01,2.5e-05
1217,879.9330969750881,,0.01,2.5e-05
1218,936.8999944627285,,0.01,2.5e-05
1219,845.2054527923465,,0.01,2.5e-05
1220,925.3000351190567,,0.01,2.5e-05
1221,896.3370263651013,,0.01,2.5e-05
1222,882.9351311549544,,0.01,2.5e-05
1223,912.9000272899866,,0.01,2.5e-05
1224,873.9130040705204,,0.01,2.5e-05
1225,702.1201513186097,,0.01,2.5e-05
1226,649.1166169792414,,0.01,2.5e-05
1227,920.0999806001782,,0.01,2.5e-05
1228,846.7084623351693,,0.01,2.5e-05
1229,921.5000024810433,,0.01,2.5e-05
1230,940.4999954923987,,0.01,2.5e-05
1231,932.8999807909131,,0.01,2.5e-05
1232,886.1110993176699,,0.01,2.5e-05
1233,873.9777077138424,,0.01,2.5e-05
1234,832.3843195363879,,0.01,2.5e-05
1235,891.3792864978313,,0.01,2.5e-05
1236,853.6423542797565,,0.01,2.5e-05
1237,896.8553583920002,,0.01,2.5e-05
1238,941.1000211685896,,0.01,2.5e-05
1239,932.9000102058053,,0.01,2.5e-05
1240,892.6470641642809,,0.01,2.5e-05
1241,845.6869090050459,,0.01,2.5e-05
1242,922.6999835371971,,0.01,2.5e-05
1243,896.5277658775449,,0.01,2.5e-05
1244,862.8378672376275,,0.01,2.5e-05
1245,892.7797625660896,,0.01,2.5e-05
1246,867.0329960286617,,0.01,2.5e-05
1247,776.2215219065547,,0.01,2.5e-05
1248,875.5244608595967,,0.01,2.5e-05
1249,870.1492736265063,,0.01,2.5e-05
1250,873.0538903623819,,0.01,2.5e-05
1251,738.0952141210437,,0.01,2.5e-05
1252,882.5581554025412,,0.01,2.5e-05
1253,940.3999813571572,,0.01,2.5e-05
1254,933.8999966681004,,0.01,2.5e-05
1255,327.6094174236059,,0.01,2.5e-05
1256,889.830488666892,,0.01,2.5e-05
1257,870.4796952679753,,0.01,2.5e-05
1258,871.9298403412104,,0.01,2.5e-05
1259,358.7813523635268,,0.01,2.5e-05
1260,862.3188016414642,,0.01,2.5e-05
1261,893.2203194051981,,0.01,2.5e-05
1262,893.0069780126214,,0.01,2.5e-05
1263,890.0331950187683,,0.01,2.5e-05
1264,889.0510670244694,,0.01,2.5e-05
1265,893.311023041606,,0.01,2.5e-05
1266,924.9000366851687,,0.01,2.5e-05
1267,868.6410969421268,,0.01,2.5e-05
1268,886.4406585097313,,0.01,2.5e-05
1269,938.5000149235129,,0.01,2.5e-05
1270,590.8396729156375,,0.01,2.5e-05
1271,886.9707106649876,,0.01,2.5e-05
1272,638.7097031995654,,0.01,2.5e-05
1273,837.5000270828605,,0.01,2.5e-05
1274,879.1666550412774,,0.01,2.5e-05
1275,882.2694996520877,,0.01,2.5e-05
1276,871.6312017068267,,0.01,2.5e-05
1277,873.4218997880816,,0.01,2.5e-05
1278,939.4000169709325,,0.01,2.5e-05
1279,460.3448127657175,,0.01,2.5e-05
1280,876.1904929950833,,0.01,2.5e-05
1281,873.1800834015012,,0.01,2.5e-05
1282,905.6000159829855,,0.01,2.5e-05
1283,941.2000152543187,,0.01,2.5e-05
1284,877.4919864758849,,0.01,2.5e-05
1285,893.0555437877774,,0.01,2.5e-05
1286,713.620055809617,,0.01,2.5e-05
1287,823.6110999584198,,0.01,2.5e-05
1288,892.753607429564,,0.01,2.5e-05
1289,885.0187046006322,,0.01,2.5e-05
1290,865.3979072272778,,0.01,2.5e-05
1291,930.5000276491046,,0.01,2.5e-05
1292,934.8000132739544,,0.01,2.5e-05
1293,887.0968091115355,,0.01,2.5e-05
1294,206.39729864895344,,0.01,2.5e-05
1295,885.7651012092829,,0.01,2.5e-05
1296,518.7050325423479,,0.01,2.5e-05
1297,928.900002785027,,0.01,2.5e-05
1298,931.6000102832913,,0.01,2.5e-05
1299,880.1980143040419,,0.01,2.5e-05
1300,890.0661941990256,906.3341153470019,0.01,2.5e-05
1301,882.2694996520877,,0.01,2.5e-05
1302,882.1428725346923,,0.01,2.5e-05
1303,892.217920191586,,0.01,2.5e-05
1304,882.9932141155005,,0.01,2.5e-05
1305,861.2676266282797,,0.01,2.5e-05
1306,941.2000211700797,,0.01,2.5e-05
1307,934.0999760702252,,0.01,2.5e-05
1308,934.6999821439385,,0.01,2.5e-05
1309,859.8765195086598,,0.01,2.5e-05
1310,939.8000226989388,,0.01,2.5e-05
1311,889.8989682123065,,0.01,2.5e-05
1312,889.6906933635473,,0.01,2.5e-05
1313,861.8320307061076,,0.01,2.5e-05
1314,826.3158045262098,,0.01,2.5e-05
1315,893.6507640108466,,0.01,2.5e-05
1316,874.3590037822723,,0.01,2.5e-05
1317,896.5986567437649,,0.01,2.5e-05
1318,889.6193601414561,,0.01,2.5e-05
1319,854.3974199220538,,0.01,2.5e-05
1320,879.3388254195452,,0.01,2.5e-05
1321,939.2999898716807,,0.01,2.5e-05
1322,885.074646897614,,0.01,2.5e-05
1323,877.5641266927123,,0.01,2.5e-05
1324,939.9999690726399,,0.01,2.5e-05
1325,943.5000222846866,,0.01,2.5e-05
1326,887.1795116588473,,0.01,2.5e-05
1327,462.6822074726224,,0.01,2.5e-05
1328,870.4640893861651,,0.01,2.5e-05
1329,872.3183223456144,,0.01,2.5e-05
1330,896.4788952618837,,0.01,2.5e-05
1331,881.595106728375,,0.01,2.5e-05
1332,865.0349502190948,,0.01,2.5e-05
1333,874.1100344210863,,0.01,2.5e-05
1334,942.2000075355172,,0.01,2.5e-05
1335,463.7393933236599,,0.01,2.5e-05
1336,930.3999867215753,,0.01,2.5e-05
1337,890.0990044623613,,0.01,2.5e-05
1338,892.2480700835586,,0.01,2.5e-05
1339,911.5999946966767,,0.01,2.5e-05
1340,890.5363133624196,,0.01,2.5e-05
1341,851.3677814677358,,0.01,2.5e-05
1342,936.1000149846077,,0.01,2.5e-05
1343,944.000024959445,,0.01,2.5e-05
1344,924.8000350147486,,0.01,2.5e-05
1345,871.9298403412104,,0.01,2.5e-05
1346,883.0508280619979,,0.01,2.5e-05
1347,932.9000134170055,,0.01,2.5e-05
1348,865.4088169708848,,0.01,2.5e-05
1349,929.5999786481261,,0.01,2.5e-05
1350,943.9000231847167,,0.01,2.5e-05
1351,940.2999954223633,,0.01,2.5e-05
1352,893.4853689298034,,0.01,2.5e-05
1353,941.7000152617693,,0.01,2.5e-05
1354,909.0000205934048,,0.01,2.5e-05
1355,878.0564250200987,,0.01,2.5e-05
1356,893.8271363601089,,0.01,2.5e-05
1357,896.6442772373557,,0.01,2.5e-05
1358,881.8181710764766,,0.01,2.5e-05
1359,886.9280742704868,,0.01,2.5e-05
1360,881.595106728375,,0.01,2.5e-05
1361,896.3370264619589,,0.01,2.5e-05
1362,495.37569738179445,,0.01,2.5e-05
1363,934.8000082969666,,0.01,2.5e-05
1364,892.9328749403358,,0.01,2.5e-05
1365,894.0476004183292,,0.01,2.5e-05
1366,925.5999997258186,,0.01,2.5e-05
1367,929.6999833583832,,0.01,2.5e-05
1368,889.436641573906,,0.01,2.5e-05
1369,933.5000169798732,,0.01,2.5e-05
1370,863.2106888592243,,0.01,2.5e-05
1371,317.2185300141573,,0.01,2.5e-05
1372,935.9999908655882,,0.01,2.5e-05
1373,893.1271194294095,,0.01,2.5e-05
1374,890.9638251289725,,0.01,2.5e-05
1375,850.6172616109252,,0.01,2.5e-05
1376,860.7250822335482,,0.01,2.5e-05
1377,858.0419433191419,,0.01,2.5e-05
1378,896.8253670930862,,0.01,2.5e-05
1379,936.5000133961439,,0.01,2.5e-05
1380,561.4906618744135,,0.01,2.5e-05
1381,893.8461263030767,,0.01,2.5e-05
1382,893.6709204912186,,0.01,2.5e-05
1383,883.8710025399923,,0.01,2.5e-05
1384,896.0784555748105,,0.01,2.5e-05
1385,879.5221619457006,,0.01,2.5e-05
1386,887.9154148995876,,0.01,2.5e-05
1387,920.4999816417694,,0.01,2.5e-05
1388,445.76270040124655,,0.01,2.5e-05
1389,883.9743832722306,,0.01,2.5e-05
1390,869.798640191555,,0.01,2.5e-05
1391,887.0968089178205,,0.01,2.5e-05
1392,941.0000076144934,,0.01,2.5e-05
1393,894.134870827198,,0.01,2.5e-05
1394,933.3999886587262,,0.01,2.5e-05
1395,873.1543447375298,,0.01,2.5e-05
1396,861.6858301386237,,0.01,2.5e-05
1397,913.0999831110239,,0.01,2.5e-05
1398,889.6906929835677,,0.01,2.5e-05
1399,936.2000133693218,,0.01,2.5e-05
1400,871.6312019005418,910.2269881201798,0.01,2.5e-05
1401,841.1764541193843,,0.01,2.5e-05
1402,941.6000076234341,,0.01,2.5e-05
1403,867.8456837683916,,0.01,2.5e-05
1404,881.7629184126854,,0.01,2.5e-05
1405,931.9999809712172,,0.01,2.5e-05
1406,720.4334412515163,,0.01,2.5e-05
1407,890.5363137498498,,0.01,2.5e-05
1408,923.600025832653,,0.01,2.5e-05
1409,889.5470200330019,,0.01,2.5e-05
1410,911.4999819546938,,0.01,2.5e-05
1411,882.5174676626921,,0.01,2.5e-05
1412,931.6999699547887,,0.01,2.5e-05
1413,884.4358189404011,,0.01,2.5e-05
1414,942.1000061184168,,0.01,2.5e-05
1415,931.2999764084816,,0.01,2.5e-05
1416,883.0508280619979,,0.01,2.5e-05
1417,874.3590016961098,,0.01,2.5e-05
1418,934.499995239079,,0.01,2.5e-05
1419,942.7999955266714,,0.01,2.5e-05
1420,803.7037105709314,,0.01,2.5e-05
1421,944.699971228838,,0.01,2.5e-05
1422,368.7499935105443,,0.01,2.5e-05
1423,927.2999822869897,,0.01,2.5e-05
1424,892.9577681273222,,0.01,2.5e-05
1425,896.6216523125768,,0.01,2.5e-05
1426,845.1219649463892,,0.01,2.5e-05
1427,935.4000308662653,,0.01,2.5e-05
1428,936.5999813973904,,0.01,2.5e-05
1429,893.0795677006245,,0.01,2.5e-05
1430,936.0000210925937,,0.01,2.5e-05
1431,869.3251679688692,,0.01,2.5e-05
1432,937.7999716326594,,0.01,2.5e-05
1433,932.9999786987901,,0.01,2.5e-05
1434,932.6000133380294,,0.01,2.5e-05
1435,939.7999967560172,,0.01,2.5e-05
1436,896.677713111043,,0.01,2.5e-05
1437,896.5870083719492,,0.01,2.5e-05
1438,936.8000082299113,,0.01,2.5e-05
1439,884.7561119422317,,0.01,2.5e-05
1440,934.5999797433615,,0.01,2.5e-05
1441,937.3000134825706,,0.01,2.5e-05
1442,927.6999994665384,,0.01,2.5e-05
1443,936.600013397634,,0.01,2.5e-05
1444,864.7436136305332,,0.01,2.5e-05
1445,941.9000079184771,,0.01,2.5e-05
1446,932.6999777927995,,0.01,2.5e-05
1447,885.3372163400054,,0.01,2.5e-05
1448,886.3945749178529,,0.01,2.5e-05
1449,916.3000137880445,,0.01,2.5e-05
1450,929.4000276327133,,0.01,2.5e-05
1451,885.9155146330595,,0.01,2.5e-05
1452,892.7797627598047,,0.01,2.5e-05
1453,571.7791505083442,,0.01,2.5e-05
1454,893.3333368301392,,0.01,2.5e-05
1455,892.9077975004911,,0.01,2.5e-05
1456,890.6541891396046,,0.01,2.5e-05
1457,849.367121219635,,0.01,2.5e-05
1458,926.5999715402722,,0.01,2.5e-05
1459,877.5641267895699,,0.01,2.5e-05
1460,892.5373337268829,,0.01,2.5e-05
1461,883.4983443245292,,0.01,2.5e-05
1462,930.7999723181129,,0.01,2.5e-05
1463,934.8999885842204,,0.01,2.5e-05
1464,882.3529530093074,,0.01,2.5e-05
1465,893.355453684926,,0.01,2.5e-05
1466,885.0746468007565,,0.01,2.5e-05
1467,892.9077974036336,,0.01,2.5e-05
1468,888.0478014200926,,0.01,2.5e-05
1469,932.3000169619918,,0.01,2.5e-05
1470,864.9122510403395,,0.01,2.5e-05
1471,888.2812728211284,,0.01,2.5e-05
1472,832.2580973953009,,0.01,2.5e-05
1473,875.077865190804,,0.01,2.5e-05
1474,926.1999784037471,,0.01,2.5e-05
1475,933.6999715715647,,0.01,2.5e-05
1476,931.3000276610255,,0.01,2.5e-05
1477,905.7000165656209,,0.01,2.5e-05
1478,887.1795116588473,,0.01,2.5e-05
1479,884.1269772723317,,0.01,2.5e-05
1480,893.6507640108466,,0.01,2.5e-05
1481,890.3846397548914,,0.01,2.5e-05
1482,917.0999894440174,,0.01,2.5e-05
1483,888.0000223368406,,0.01,2.5e-05
1484,850.9434030801058,,0.01,2.5e-05
1485,929.5999730601907,,0.01,2.5e-05
1486,929.39998383075,,0.01,2.5e-05
1487,890.0000033825636,,0.01,2.5e-05
1488,944.0000151023269,,0.01,2.5e-05
1489,896.5277657806873,,0.01,2.5e-05
1490,881.1320826932788,,0.01,2.5e-05
1491,883.6601005122066,,0.01,2.5e-05
1492,937.5999846979976,,0.01,2.5e-05
1493,717.9347944781184,,0.01,2.5e-05
1494,883.2775784432888,,0.01,2.5e-05
1495,918.9999817162752,,0.01,2.5e-05
1496,472.9537225589156,,0.01,2.5e-05
1497,879.2387375608087,,0.01,2.5e-05
1498,878.0220075622201,,0.01,2.5e-05
1499,932.6999806910753,,0.01,2.5e-05
1500,886.9707108587027,884.4330526420647,0.01,2.5e-05
1501,875.3521339073777,,0.01,2.5e-05
1502,882.3321680724621,,0.01,2.5e-05
1503,896.9697175472975,,0.01,2.5e-05
1504,869.6969484165311,,0.01,2.5e-05
1505,889.0110189020634,,0.01,2.5e-05
1506,887.4608136415482,,0.01,2.5e-05
1507,862.1212257668376,,0.01,2.5e-05
1508,410.5820124000311,,0.01,2.5e-05
1509,919.4999710544944,,0.01,2.5e-05
1510,896.5034816563129,,0.01,2.5e-05
1511,935.1000272706151,,0.01,2.5e-05
1512,853.1250278577209,,0.01,2.5e-05
1513,880.263139910996,,0.01,2.5e-05
1514,931.3000168502331,,0.01,2.5e-05
1515,468.75001565366983,,0.01,2.5e-05
1516,888.4615334868431,,0.01,2.5e-05
1517,872.9730028957129,,0.01,2.5e-05
1518,940.6000165045261,,0.01,2.5e-05
1519,864.0287719294429,,0.01,2.5e-05
1520,884.1269551441073,,0.01,2.5e-05
1521,930.2000038847327,,0.01,2.5e-05
1522,906.4000145420432,,0.01,2.5e-05
1523,421.03559897840023,,0.01,2.5e-05
1524,893.5065119862556,,0.01,2.5e-05
1525,943.700007557869,,0.01,2.5e-05
1526,936.799983561039,,0.01,2.5e-05
1527,891.1504594385624,,0.01,2.5e-05
1528,336.0465176254511,,0.01,2.5e-05
1529,883.8187725171447,,0.01,2.5e-05
1530,937.4000225663185,,0.01,2.5e-05
1531,938.1999846100807,,0.01,2.5e-05
1532,309.25265838205814,,0.01,2.5e-05
1533,644.4089514687657,,0.01,2.5e-05
1534,887.8788080587983,,0.01,2.5e-05
1535,896.6329747140408,,0.01,2.5e-05
1536,937.0000165477395,,0.01,2.5e-05
1537,930.3999853655696,,0.01,2.5e-05
1538,547.4359128475189,,0.01,2.5e-05
1539,926.6000128239393,,0.01,2.5e-05
1540,906.5000308007002,,0.01,2.5e-05
1541,417.64706421643496,,0.01,2.5e-05
1542,864.6302496939898,,0.01,2.5e-05
1543,444.8916437253356,,0.01,2.5e-05
1544,892.2780186980963,,0.01,2.5e-05
1545,933.900008186698,,0.01,2.5e-05
1546,852.5423541292548,,0.01,2.5e-05
1547,855.32643353194,,0.01,2.5e-05
1548,896.7637562900782,,0.01,2.5e-05
1549,884.4720176979899,,0.01,2.5e-05
1550,934.3999905511737,,0.01,2.5e-05
1551,882.4561564177275,,0.01,2.5e-05
1552,871.3261460363865,,0.01,2.5e-05
1553,931.5999718979001,,0.01,2.5e-05
1554,940.7999898940325,,0.01,2.5e-05
1555,581.9672119691968,,0.01,2.5e-05
1556,889.8304890543222,,0.01,2.5e-05
1557,938.8000210374594,,0.01,2.5e-05
1558,890.0990044623613,,0.01,2.5e-05
1559,934.199978813529,,0.01,2.5e-05
1560,936.5999764874578,,0.01,2.5e-05
1561,890.1315610930324,,0.01,2.5e-05
1562,880.891744248569,,0.01,2.5e-05
1563,920.7999741733074,,0.01,2.5e-05
1564,878.9789695218205,,0.01,2.5e-05
1565,869.0721372365952,,0.01,2.5e-05
1566,934.699983432889,,0.01,2.5e-05
1567,858.4905730560422,,0.01,2.5e-05
1568,871.0611181333661,,0.01,2.5e-05
1569,858.7301301062107,,0.01,2.5e-05
1570,937.9000084400177,,0.01,2.5e-05
1571,857.5971854776144,,0.01,2.5e-05
1572,191.66667268425226,,0.01,2.5e-05
1573,887.1382889896631,,0.01,2.5e-05
1574,929.8999684080482,,0.01,2.5e-05
1575,885.5595462918282,,0.01,2.5e-05
1576,941.5999846607447,,0.01,2.5e-05
1577,892.509340763092,,0.01,2.5e-05
1578,889.7959355264902,,0.01,2.5e-05
1579,940.8999798372388,,0.01,2.5e-05
1580,883.1081384569407,,0.01,2.5e-05
1581,937.0000134781003,,0.01,2.5e-05
1582,852.8302002474666,,0.01,2.5e-05
1583,874.1697321385145,,0.01,2.5e-05
1584,892.5373337268829,,0.01,2.5e-05
1585,893.079567797482,,0.01,2.5e-05
1586,52.727269649505615,,0.01,2.5e-05
1587,862.2641627416015,,0.01,2.5e-05
1588,771.2871237248182,,0.01,2.5e-05
1589,929.9999697506428,,0.01,2.5e-05
1590,933.1000061780214,,0.01,2.5e-05
1591,914.0999904423952,,0.01,2.5e-05
1592,605.2979908138514,,0.01,2.5e-05
1593,896.3636256828904,,0.01,2.5e-05
1594,329.8507432565093,,0.01,2.5e-05
1595,867.5324853882194,,0.01,2.5e-05
1596,877.3584977537394,,0.01,2.5e-05
1597,932.100014925003,,0.01,2.5e-05
1598,859.7069886624813,,0.01,2.5e-05
1599,867.3590855076909,,0.01,2.5e-05
1600,892.8057500496507,811.3477531172225,0.01,2.5e-05
1601,896.5870083719492,,0.01,2.5e-05
1602,868.0511265844107,,0.01,2.5e-05
1603,270.607030980289,,0.01,2.5e-05
1604,936.8000211045146,,0.01,2.5e-05
1605,876.1091931164265,,0.01,2.5e-05
1606,931.9000168591738,,0.01,2.5e-05
1607,896.575314797461,,0.01,2.5e-05
1608,934.6999898031354,,0.01,2.5e-05
1609,886.1591527760029,,0.01,2.5e-05
1610,936.8000151887536,,0.01,2.5e-05
1611,938.9999952092767,,0.01,2.5e-05
1612,933.6999788060784,,0.01,2.5e-05
1613,862.3287400007248,,0.01,2.5e-05
1614,878.0564248263836,,0.01,2.5e-05
1615,873.282412417233,,0.01,2.5e-05
1616,856.9230492785573,,0.01,2.5e-05
1617,889.36169821769,,0.01,2.5e-05
1618,837.716246753931,,0.01,2.5e-05
1619,268.79432382434607,,0.01,2.5e-05
1620,432.7102707400918,,0.01,2.5e-05
1621,887.9154148995876,,0.01,1.25e-05
1622,790.8450896516442,,0.01,1.25e-05
1623,936.3999764844775,,0.01,1.25e-05
1624,881.1912211626768,,0.01,1.25e-05
1625,808.4967040717602,,0.01,1.25e-05
1626,882.2063820511103,,0.01,1.25e-05
1627,883.713381677866,,0.01,1.25e-05
1628,577.1929930076003,,0.01,1.25e-05
1629,882.7586301118135,,0.01,1.25e-05
1630,856.5217080265284,,0.01,1.25e-05
1631,890.0331957787275,,0.01,1.25e-05
1632,934.800022624433,,0.01,1.25e-05
1633,866.4179300665855,,0.01,1.25e-05
1634,888.6792524755001,,0.01,1.25e-05
1635,845.5128438919783,,0.01,1.25e-05
1636,938.499982200563,,0.01,1.25e-05
1637,831.9526589587331,,0.01,1.25e-05
1638,331.0344859883189,,0.01,1.25e-05
1639,887.6161054447293,,0.01,1.25e-05
1640,878.1931300386786,,0.01,1.25e-05
1641,885.401431709528,,0.01,1.25e-05
1642,866.8873862177134,,0.01,1.25e-05
1643,875.6944327577949,,0.01,1.25e-05
1644,840.3973208218813,,0.01,1.25e-05
1645,923.800007507205,,0.01,1.25e-05
1646,501.32888624072075,,0.01,1.25e-05
1647,896.1390231475234,,0.01,1.25e-05
1648,876.8340033814311,,0.01,1.25e-05
1649,867.9715065583587,,0.01,1.25e-05
1650,223.33333333581686,,0.01,1.25e-05
1651,882.8571168631315,,0.01,1.25e-05
1652,857.3770483881235,,0.01,1.25e-05
1653,871.9298404380679,,0.01,1.25e-05
1654,901.7999685034156,,0.01,1.25e-05
1655,896.3898708969355,,0.01,1.25e-05
1656,938.4999823868275,,0.01,1.25e-05
1657,913.2000257745385,,0.01,1.25e-05
1658,863.9344253465533,,0.01,1.25e-05
1659,888.9705937430263,,0.01,1.25e-05
1660,883.1649617105722,,0.01,1.25e-05
1661,889.2472926750779,,0.01,1.25e-05
1662,857.2368244975805,,0.01,1.25e-05
1663,888.5057540312409,,0.01,1.25e-05
1664,876.6081567332149,,0.01,1.25e-05
1665,873.4848623126745,,0.01,1.25e-05
1666,896.6329750046134,,0.01,1.25e-05
1667,678.1250225305557,,0.01,1.25e-05
1668,861.651933901012,,0.01,1.25e-05
1669,870.7792388945818,,0.01,1.25e-05
1670,893.079567797482,,0.01,1.25e-05
1671,881.538433201611,,0.01,1.25e-05
1672,927.5999823957682,,0.01,1.25e-05
1673,881.4814889878035,,0.01,1.25e-05
1674,892.7272619828582,,0.01,1.25e-05
1675,934.0000041350722,,0.01,1.25e-05
1676,883.6065567061305,,0.01,1.25e-05
1677,878.4615109711885,,0.01,1.25e-05
1678,877.7070304974914,,0.01,1.25e-05
1679,804.9429895430803,,0.01,1.25e-05
1680,842.372862495482,,0.01,1.25e-05
1681,917.2999733611941,,0.01,1.25e-05
1682,561.0878392010927,,0.01,1.25e-05
1683,924.1000039875507,,0.01,1.25e-05
1684,848.8054394423962,,0.01,1.25e-05
1685,775.4098351970315,,0.01,1.25e-05
1686,892.6470641642809,,0.01,1.25e-05
1687,877.900573335588,,0.01,1.25e-05
1688,888.6792524755001,,0.01,1.25e-05
1689,877.8597690090537,,0.01,1.25e-05
1690,677.3584959581494,,0.01,1.25e-05
1691,889.5104746595025,,0.01,1.25e-05
1692,884.7094539999962,,0.01,1.25e-05
1693,866.9117701500654,,0.01,1.25e-05
1694,885.2070965766907,,0.01,1.25e-05
1695,868.2539401128888,,0.01,1.25e-05
1696,884.6743361800909,,0.01,1.25e-05
1697,836.5671833306551,,0.01,1.25e-05
1698,855.271573446691,,0.01,1.25e-05
1699,905.5999718606472,,0.01,1.25e-05
1700,602.8985391035676,800.0214829487062,0.01,1.25e-05
1701,868.6410971358418,,0.01,1.25e-05
1702,399.9999853596091,,0.01,1.25e-05
1703,866.7896583974361,,0.01,1.25e-05
1704,848.6301106140018,,0.01,1.25e-05
1705,881.3433034345508,,0.01,1.25e-05
1706,881.6176523193717,,0.01,1.25e-05
1707,887.5389242917299,,0.01,1.25e-05
1708,893.7694537937641,,0.01,1.25e-05
1709,939.9999966621399,,0.01,1.25e-05
1710,877.7777851521969,,0.01,1.25e-05
1711,874.9216288775206,,0.01,1.25e-05
1712,841.6058124899864,,0.01,1.25e-05
1713,875.8620785027742,,0.01,1.25e-05
1714,881.0606201067567,,0.01,1.25e-05
1715,879.7979582175612,,0.01,1.25e-05
1716,936.1999811977148,,0.01,1.25e-05
1717,874.4409029111266,,0.01,1.25e-05
1718,865.3178797289729,,0.01,1.25e-05
1719,886.1591526791453,,0.01,1.25e-05
1720,876.4309550151229,,0.01,1.25e-05
1721,872.5085628777742,,0.01,1.25e-05
1722,847.368436485529,,0.01,1.25e-05
1723,859.1836899518967,,0.01,1.25e-05
1724,863.8554216474295,,0.01,1.25e-05
1725,823.0769183263183,,0.01,1.25e-05
1726,896.0000223368406,,0.01,1.25e-05
1727,859.0642976239324,,0.01,1.25e-05
1728,871.4285867288709,,0.01,1.25e-05
1729,873.2441336512566,,0.01,1.25e-05
1730,869.5817749351263,,0.01,1.25e-05
1731,850.7246003523469,,0.01,1.25e-05
1732,862.0689748004079,,0.01,1.25e-05
1733,869.8996520861983,,0.01,1.25e-05
1734,896.5517338141799,,0.01,1.25e-05
1735,877.4919864758849,,0.01,1.25e-05
1736,686.1635313257575,,0.01,1.25e-05
1737,261.90475026518106,,0.01,1.25e-05
1738,923.3999784588814,,0.01,1.25e-05
1739,883.660100132227,,0.01,1.25e-05
1740,866.2162457257509,,0.01,1.25e-05
1741,885.7143013626337,,0.01,1.25e-05
1742,876.2711672633886,,0.01,1.25e-05
1743,875.9449892789125,,0.01,1.25e-05
1744,879.757058441639,,0.01,1.25e-05
1745,880.6201629936695,,0.01,1.25e-05
1746,847.8827617540956,,0.01,1.25e-05
1747,662.7118489593267,,0.01,1.25e-05
1748,937.4999797865748,,0.01,1.25e-05
1749,923.5000367611647,,0.01,1.25e-05
1750,934.5999898016453,,0.01,1.25e-05
1751,896.4028725326061,,0.01,1.25e-05
1752,943.5999712124467,,0.01,1.25e-05
1753,892.8571587279439,,0.01,1.25e-05
1754,456.7375858128071,,0.01,1.25e-05
1755,845.7626931369305,,0.01,1.25e-05
1756,878.4946048855782,,0.01,1.25e-05
1757,866.4179300665855,,0.01,1.25e-05
1758,872.7891324833035,,0.01,1.25e-05
1759,892.5926002040505,,0.01,1.25e-05
1760,852.5423540323973,,0.01,1.25e-05
1761,873.7704910263419,,0.01,1.25e-05
1762,887.0968092083931,,0.01,1.25e-05
1763,873.1543447375298,,0.01,1.25e-05
1764,940.4000210613012,,0.01,1.25e-05
1765,941.2000084891915,,0.01,1.25e-05
1766,881.8182022497058,,0.01,1.25e-05
1767,857.7922254502773,,0.01,1.25e-05
1768,944.0999933406711,,0.01,1.25e-05
1769,699.9999909177423,,0.01,1.25e-05
1770,877.1863377913833,,0.01,1.25e-05
1771,513.3721024170518,,0.01,1.25e-05
1772,861.2676266282797,,0.01,1.25e-05
1773,419.7368320301175,,0.01,1.25e-05
1774,933.8000219464302,,0.01,1.25e-05
1775,876.3513812869787,,0.01,1.25e-05
1776,869.1780552640557,,0.01,1.25e-05
1777,929.2999808341265,,0.01,1.25e-05
1778,889.0110188052058,,0.01,1.25e-05
1779,871.962600633502,,0.01,1.25e-05
1780,878.2608538195491,,0.01,1.25e-05
1781,865.7533974424005,,0.01,1.25e-05
1782,877.4193894937634,,0.01,1.25e-05
1783,854.703814946115,,0.01,1.25e-05
1784,941.1999761760235,,0.01,1.25e-05
1785,927.8999824970961,,0.01,1.25e-05
1786,879.0940586328506,,0.01,1.25e-05
1787,889.4366412833333,,0.01,1.25e-05
1788,868.3544639721513,,0.01,1.25e-05
1789,883.5391010344028,,0.01,1.25e-05
1790,937.9999716356397,,0.01,1.25e-05
1791,869.1780552640557,,0.01,1.25e-05
1792,875.5244609564543,,0.01,1.25e-05
1793,888.8059903606772,,0.01,1.25e-05
1794,878.2608537226915,,0.01,1.25e-05
1795,937.700031362474,,0.01,1.25e-05
1796,875.8620783090591,,0.01,1.25e-05
1797,881.5498059764504,,0.01,1.25e-05
1798,873.3840562179685,,0.01,1.25e-05
1799,877.6119602620602,,0.01,1.25e-05
1800,876.8976843804121,877.4342186088431,0.01,1.25e-05
1801,840.0000032186508,,0.01,1.25e-05
1802,871.5302253365517,,0.01,1.25e-05
1803,852.205887593329,,0.01,1.25e-05
1804,857.654749006033,,0.01,1.25e-05
1805,861.2903566360474,,0.01,1.25e-05
1806,883.8710026368499,,0.01,1.25e-05
1807,896.7213105261326,,0.01,1.25e-05
1808,878.0220076590776,,0.01,1.25e-05
1809,878.5714441910386,,0.01,1.25e-05
1810,573.7160164192319,,0.01,1.25e-05
1811,936.599977850914,,0.01,1.25e-05
1812,883.9743833690882,,0.01,1.25e-05
1813,896.415751427412,,0.01,1.25e-05
1814,893.8461255431175,,0.01,1.25e-05
1815,870.2602356374264,,0.01,1.25e-05
1816,893.26597160846,,0.01,1.25e-05
1817,110.9090873003006,,0.01,1.25e-05
1818,883.6065567061305,,0.01,1.25e-05
1819,876.744158834219,,0.01,1.25e-05
1820,850.3310957252979,,0.01,1.25e-05
1821,890.476160928607,,0.01,6.25e-06
1822,876.6666699796915,,0.01,6.25e-06
1823,871.6088680401444,,0.01,6.25e-06
1824,934.0999813601375,,0.01,6.25e-06
1825,935.7999795675278,,0.01,6.25e-06
1826,878.3393298238516,,0.01,6.25e-06
1827,884.3260174021125,,0.01,6.25e-06
1828,886.6220598146319,,0.01,6.25e-06
1829,857.7464997842908,,0.01,6.25e-06
1830,938.2999824807048,,0.01,6.25e-06
1831,930.799994982779,,0.01,6.25e-06
1832,871.2230165079236,,0.01,6.25e-06
1833,857.7922253534198,,0.01,6.25e-06
1834,859.0443470701575,,0.01,6.25e-06
1835,851.5570769906044,,0.01,6.25e-06
1836,302.3668614849448,,0.01,6.25e-06
1837,892.6740227788687,,0.01,6.25e-06
1838,865.2777661979198,,0.01,6.25e-06
1839,863.6363531574607,,0.01,6.25e-06
1840,924.7999822497368,,0.01,6.25e-06
1841,928.8000191375613,,0.01,6.25e-06
1842,940.4999857097864,,0.01,6.25e-06
1843,874.5454440638423,,0.01,6.25e-06
1844,934.700016900897,,0.01,6.25e-06
1845,910.9999870210886,,0.01,6.25e-06
1846,856.5217237919569,,0.01,6.25e-06
1847,893.4426219984889,,0.01,6.25e-06
1848,939.6000136137009,,0.01,6.25e-06
1849,879.3103544041514,,0.01,6.25e-06
1850,869.594624504447,,0.01,6.25e-06
1851,864.4127877801657,,0.01,6.25e-06
1852,876.666670076549,,0.01,6.25e-06
1853,870.1492735296488,,0.01,6.25e-06
1854,842.8571576550603,,0.01,6.25e-06
1855,861.672456137836,,0.01,6.25e-06
1856,875.609770424664,,0.01,6.25e-06
1857,946.2999938502908,,0.01,6.25e-06
1858,932.8999693468213,,0.01,6.25e-06
1859,810.2989779114723,,0.01,6.25e-06
1860,672.8813403993845,,0.01,6.25e-06
1861,874.3590038791299,,0.01,6.25e-06
1862,931.3999737650156,,0.01,6.25e-06
1863,940.1000151410699,,0.01,6.25e-06
1864,939.3999716565013,,0.01,6.25e-06
1865,929.3999786451459,,0.01,6.25e-06
1866,884.9849753826857,,0.01,6.25e-06
1867,870.3947194069624,,0.01,6.25e-06
1868,944.0999907404184,,0.01,6.25e-06
1869,558.7838035002351,,0.01,6.25e-06
1870,878.7234004661441,,0.01,6.25e-06
1871,886.5771634057164,,0.01,6.25e-06
1872,862.8252911940217,,0.01,6.25e-06
1873,859.3220150247216,,0.01,6.25e-06
1874,867.3202317208052,,0.01,6.25e-06
1875,834.9314812272787,,0.01,6.25e-06
1876,880.0000034272671,,0.01,6.25e-06
1877,857.0312719494104,,0.01,6.25e-06
1878,892.4812173321843,,0.01,6.25e-06
1879,838.5665321946144,,0.01,6.25e-06
1880,868.4210685417056,,0.01,6.25e-06
1881,875.9449888989329,,0.01,6.25e-06
1882,871.6981253325939,,0.01,6.25e-06
1883,862.7328883334994,,0.01,6.25e-06
1884,836.8421205058694,,0.01,6.25e-06
1885,808.3969185873866,,0.01,6.25e-06
1886,927.2999865785241,,0.01,6.25e-06
1887,929.1000085771084,,0.01,6.25e-06
1888,872.318322442472,,0.01,6.25e-06
1889,844.6494372710586,,0.01,6.25e-06
1890,858.4570078253746,,0.01,6.25e-06
1891,896.0317392125726,,0.01,6.25e-06
1892,831.0344917848706,,0.01,6.25e-06
1893,869.040253803134,,0.01,6.25e-06
1894,492.8143693357706,,0.01,6.25e-06
1895,250.7692197933793,,0.01,6.25e-06
1896,871.631201416254,,0.01,6.25e-06
1897,877.1241533756256,,0.01,6.25e-06
1898,885.18519282341,,0.01,6.25e-06
1899,872.9730028957129,,0.01,6.25e-06
1900,863.576128423214,807.822993118523,0.01,6.25e-06
1901,882.3009016513824,,0.01,6.25e-06
1902,855.0172844529152,,0.01,6.25e-06
1903,944.8000136390328,,0.01,6.25e-06
1904,857.1984641253948,,0.01,6.25e-06
1905,861.0389788597822,,0.01,6.25e-06
1906,865.3679756969213,,0.01,6.25e-06
1907,852.3809685409069,,0.01,6.25e-06
1908,861.90473356843,,0.01,6.25e-06
1909,892.5926002040505,,0.01,6.25e-06
1910,178.10650661587715,,0.01,6.25e-06
1911,597.36840788275,,0.01,6.25e-06
1912,882.7586301118135,,0.01,6.25e-06
1913,871.223016411066,,0.01,6.25e-06
1914,873.5099025666714,,0.01,6.25e-06
1915,879.7979584112763,,0.01,6.25e-06
1916,813.6212377175689,,0.01,6.25e-06
1917,813.3573815152049,,0.01,6.25e-06
1918,864.6643232926726,,0.01,6.25e-06
1919,837.0860626474023,,0.01,6.25e-06
1920,689.0909001082182,,0.01,6.25e-06
1921,856.1403214856982,,0.01,6.25e-06
1922,892.094843506813,,0.01,6.25e-06
1923,884.0255675464869,,0.01,6.25e-06
1924,867.3202324807644,,0.01,6.25e-06
1925,869.512209251523,,0.01,6.25e-06
1926,837.3040738105774,,0.01,6.25e-06
1927,822.8070324361324,,0.01,6.25e-06
1928,871.7742078900337,,0.01,6.25e-06
1929,875.5244608595967,,0.01,6.25e-06
1930,926.5000040233135,,0.01,6.25e-06
1931,858.0419436097145,,0.01,6.25e-06
1932,886.4406587034464,,0.01,6.25e-06
1933,939.8999857008457,,0.01,6.25e-06
1934,848.6301102340221,,0.01,6.25e-06
1935,856.3758215233684,,0.01,6.25e-06
1936,896.3099531680346,,0.01,6.25e-06
1937,870.4918024986982,,0.01,6.25e-06
1938,923.4000127762556,,0.01,6.25e-06
1939,863.5258363038301,,0.01,6.25e-06
1940,409.1463482826948,,0.01,6.25e-06
1941,871.3376037701964,,0.01,6.25e-06
1942,889.6193601414561,,0.01,6.25e-06
1943,877.5641266927123,,0.01,6.25e-06
1944,840.9836056530476,,0.01,6.25e-06
1945,872.3183225393295,,0.01,6.25e-06
1946,628.9377503320575,,0.01,6.25e-06
1947,880.5194986388087,,0.01,6.25e-06
1948,880.8917440548539,,0.01,6.25e-06
1949,858.4905728623271,,0.01,6.25e-06
1950,929.8999777510762,,0.01,6.25e-06
1951,872.2222105711699,,0.01,6.25e-06
1952,879.5221619457006,,0.01,6.25e-06
1953,872.1254175379872,,0.01,6.25e-06
1954,941.199995405972,,0.01,6.25e-06
1955,813.6690598726273,,0.01,6.25e-06
1956,264.7798777744174,,0.01,6.25e-06
1957,868.8581149801612,,0.01,6.25e-06
1958,933.899976067245,,0.01,6.25e-06
1959,883.818772226572,,0.01,6.25e-06
1960,928.6999963968992,,0.01,6.25e-06
1961,937.8000079542398,,0.01,6.25e-06
1962,942.8000135868788,,0.01,6.25e-06
1963,824.2902543470263,,0.01,6.25e-06
1964,919.5999836847186,,0.01,6.25e-06
1965,867.2131139710546,,0.01,6.25e-06
1966,874.6376656591892,,0.01,6.25e-06
1967,849.8525234535336,,0.01,6.25e-06
1968,846.6191946491599,,0.01,6.25e-06
1969,883.9228548184037,,0.01,6.25e-06
1970,886.7109367325902,,0.01,6.25e-06
1971,858.9552435278893,,0.01,6.25e-06
1972,867.9715069383383,,0.01,6.25e-06
1973,889.3993059843779,,0.01,6.25e-06
1974,892.753607429564,,0.01,6.25e-06
1975,889.7959353327751,,0.01,6.25e-06
1976,836.6666696742177,,0.01,6.25e-06
1977,855.6962354704738,,0.01,6.25e-06
1978,851.4563128426671,,0.01,6.25e-06
1979,939.1000149324536,,0.01,6.25e-06
1980,871.9298405349255,,0.01,6.25e-06
1981,872.6962235271931,,0.01,6.25e-06
1982,661.9047745540738,,0.01,6.25e-06
1983,868.3544638752937,,0.01,6.25e-06
1984,870.5882407650352,,0.01,6.25e-06
1985,870.4918025955558,,0.01,6.25e-06
1986,840.1197587251663,,0.01,6.25e-06
1987,883.818772226572,,0.01,6.25e-06
1988,842.2382472902536,,0.01,6.25e-06
1989,869.0402539968491,,0.01,6.25e-06
1990,932.5999964550138,,0.01,6.25e-06
1991,874.6835781261325,,0.01,6.25e-06
1992,858.5798776969314,,0.01,6.25e-06
1993,853.7571865543723,,0.01,6.25e-06
1994,849.832762889564,,0.01,6.25e-06
1995,943.1000222787261,,0.01,6.25e-06
1996,847.5409827083349,,0.01,6.25e-06
1997,930.900017619133,,0.01,6.25e-06
1998,860.1328643634915,,0.01,6.25e-06
1999,845.848355717957,,0.01,6.25e-06
